"Date","Price","Open","High","Low","Vol.","Change %"
"08/06/2023","6.12","5.95","6.15","5.95","543.64K","2.17%"
"08/03/2023","5.99","5.92","6.05","5.85","800.68K","1.35%"
"08/02/2023","5.91","6.18","6.18","5.90","1.63M","-2.96%"
"08/01/2023","6.09","6.21","6.37","6.07","2.93M","-0.65%"
"07/31/2023","6.13","6.22","6.25","6.09","2.61M","-1.13%"
"07/30/2023","6.20","6.19","6.30","6.12","634.58K","0.00%"
"07/27/2023","6.20","6.19","6.27","6.10","1.32M","1.47%"
"07/26/2023","6.11","6.40","6.45","6.05","2.29M","-4.53%"
"07/25/2023","6.40","6.49","6.59","6.35","1.61M","-1.39%"
"07/24/2023","6.49","6.80","6.80","6.45","1.36M","-3.99%"
"07/19/2023","6.76","6.73","6.79","6.60","4.72M","0.90%"
"07/18/2023","6.70","6.51","7.00","6.50","6.90M","4.69%"
"07/17/2023","6.40","6.46","6.50","6.37","585.18K","-0.93%"
"07/16/2023","6.46","6.60","6.72","6.45","671.30K","-1.82%"
"07/13/2023","6.58","6.10","6.60","6.10","3.29M","6.13%"
"07/12/2023","6.20","6.15","6.27","6.12","623.02K","0.65%"
"07/11/2023","6.16","6.20","6.25","6.07","727.34K","0.16%"
"07/10/2023","6.15","5.75","6.19","5.55","954.40K","10.22%"
"07/09/2023","5.58","5.86","5.88","5.55","764.57K","-3.13%"
"07/06/2023","5.76","6.11","6.11","5.72","1.31M","-4.79%"
"07/05/2023","6.05","6.22","6.31","6.00","508.51K","-3.51%"
"07/04/2023","6.27","6.32","6.38","6.20","1.02M","-0.32%"
"06/26/2023","6.29","6.31","6.41","6.21","959.99K","-0.32%"
"06/25/2023","6.31","6.40","6.50","6.30","1.16M","-0.94%"
"06/22/2023","6.37","6.32","6.47","6.20","269.78K","0.79%"
"06/21/2023","6.32","6.52","6.58","6.30","416.85K","-2.92%"
"06/20/2023","6.51","6.49","6.65","6.46","1.66M","1.24%"
"06/19/2023","6.43","6.52","6.65","6.41","696.64K","-1.38%"
"06/18/2023","6.52","6.62","6.70","6.50","583.92K","0.31%"
"06/15/2023","6.50","6.73","6.83","6.50","860.48K","-2.99%"
"06/14/2023","6.70","6.86","7.05","6.67","2.54M","-2.19%"
"06/13/2023","6.85","6.69","6.86","6.59","2.00M","2.54%"
"06/12/2023","6.68","6.76","6.87","6.68","927.30K","-0.74%"
"06/11/2023","6.73","6.47","6.73","6.35","2.78M","5.98%"
"06/08/2023","6.35","6.50","6.50","6.33","1.00M","-0.78%"
"06/07/2023","6.40","6.56","6.88","6.37","2.81M","-1.54%"
"06/06/2023","6.50","6.91","6.91","6.48","1.85M","-4.69%"
"06/05/2023","6.82","7.01","7.12","6.73","1.37M","-2.01%"
"06/04/2023","6.96","7.28","7.28","6.96","2.17M","-0.29%"
"06/01/2023","6.98","7.10","7.20","6.97","2.03M","-0.29%"
"05/31/2023","7.00","7.31","7.59","6.96","5.16M","-3.18%"
"05/30/2023","7.23","7.00","7.40","7.00","3.93M","4.03%"
"05/29/2023","6.95","7.17","7.26","6.86","2.38M","-2.39%"
"05/28/2023","7.12","6.89","7.44","6.81","5.79M","4.71%"
"05/25/2023","6.80","6.35","6.85","6.20","5.38M","7.26%"
"05/24/2023","6.34","6.45","6.45","6.29","753.07K","-0.94%"
"05/23/2023","6.40","6.20","6.40","6.10","1.77M","4.40%"
"05/22/2023","6.13","6.04","6.40","5.94","4.84M","2.51%"
"05/21/2023","5.98","5.90","6.10","5.75","1.28M","4.00%"
"05/18/2023","5.75","5.82","5.89","5.60","1.00M","0.70%"
"05/17/2023","5.71","6.10","6.19","5.70","1.28M","-6.09%"
"05/16/2023","6.08","6.16","6.20","6.00","1.77M","-1.30%"
"05/15/2023","6.16","6.30","6.49","6.15","1.59M","-2.38%"
"05/14/2023","6.31","6.40","6.44","6.23","1.80M","-0.63%"
"05/11/2023","6.35","6.50","6.58","6.32","2.47M","-1.55%"
"05/10/2023","6.45","6.50","6.69","6.31","5.88M","0.78%"
"05/09/2023","6.40","6.30","6.75","6.28","10.19M","2.40%"
"05/08/2023","6.25","6.17","6.31","6.15","3.38M","2.63%"
"05/07/2023","6.09","6.18","6.20","6.01","1.08M","-0.65%"
"05/03/2023","6.13","6.20","6.38","6.06","2.56M","-0.49%"
"05/02/2023","6.16","6.10","6.29","6.03","1.99M","0.82%"
"05/01/2023","6.11","6.21","6.38","5.92","4.91M","-0.81%"
"04/30/2023","6.16","6.43","6.49","6.06","3.39M","-3.75%"
"04/27/2023","6.40","6.40","6.57","6.22","4.20M","1.11%"
"04/26/2023","6.33","5.86","6.96","5.70","13.52M","9.14%"
"04/19/2023","5.80","5.83","5.93","5.72","4.14M","0.00%"
"04/18/2023","5.80","5.63","5.98","5.51","3.52M","3.57%"
"04/13/2023","5.60","5.20","6.00","5.20","8.34M","6.67%"
"04/12/2023","5.25","5.27","5.28","5.15","1.23M","-0.19%"
"04/11/2023","5.26","5.22","5.29","5.13","2.89M","0.77%"
"04/10/2023","5.22","4.74","5.29","4.74","11.21M","11.54%"
"04/09/2023","4.68","4.70","4.74","4.54","600.89K","-0.21%"
"04/06/2023","4.69","4.78","4.86","4.66","986.40K","-1.88%"
"04/05/2023","4.78","5.00","5.00","4.73","3.64M","-3.63%"
"04/04/2023","4.96","4.66","5.00","4.50","11.29M","6.67%"
"04/03/2023","4.65","4.11","4.65","4.07","9.37M","13.69%"
"04/02/2023","4.09","3.94","4.20","3.90","4.42M","4.87%"
"03/30/2023","3.90","3.88","4.10","3.75","4.96M","2.36%"
"03/29/2023","3.81","3.80","3.88","3.77","1.65M","0.26%"
"03/28/2023","3.80","3.86","3.90","3.75","455.08K","-1.55%"
"03/27/2023","3.86","3.97","4.01","3.82","738.16K","-3.02%"
"03/26/2023","3.98","3.89","4.03","3.85","1.00M","3.65%"
"03/23/2023","3.84","3.80","3.88","3.77","407.01K","1.32%"
"03/22/2023","3.79","3.98","4.00","3.75","1.16M","-3.81%"
"03/21/2023","3.94","3.92","3.99","3.85","1.07M","3.14%"
"03/20/2023","3.82","3.67","4.00","3.64","2.00M","4.09%"
"03/19/2023","3.67","3.47","3.90","3.30","930.98K","6.38%"
"03/16/2023","3.45","3.40","3.50","3.20","990.59K","2.68%"
"03/15/2023","3.36","3.95","4.00","3.18","1.31M","-14.50%"
"03/14/2023","3.93","3.78","3.99","3.65","1.51M","5.36%"
"03/13/2023","3.73","4.00","4.06","3.70","2.32M","-6.05%"
"03/12/2023","3.97","4.13","4.13","3.91","1.64M","-3.64%"
"03/09/2023","4.12","3.89","4.14","3.89","2.82M","5.91%"
"03/08/2023","3.89","3.93","3.94","3.83","1.12M","-0.77%"
"03/07/2023","3.92","4.06","4.08","3.91","1.69M","-2.97%"
"03/06/2023","4.04","4.11","4.14","4.02","2.62M","-0.49%"
"03/05/2023","4.06","4.03","4.11","4.00","5.12M","1.75%"
"03/02/2023","3.99","4.15","4.19","3.97","5.93M","-4.32%"
"03/01/2023","4.17","4.35","4.39","4.11","7.58M","-3.02%"
"02/28/2023","4.30","4.54","4.54","4.27","11.01M","-4.87%"
"02/27/2023","4.52","4.59","4.67","4.49","4.74M","-1.53%"
"02/26/2023","4.59","4.63","4.66","4.57","3.25M","-0.65%"
"02/23/2023","4.62","4.74","4.77","4.45","6.45M","-0.65%"
"02/22/2023","4.65","4.85","4.88","4.61","432.39K","-3.13%"
"02/21/2023","4.80","4.81","4.84","4.70","645.35K","-0.41%"
"02/20/2023","4.82","4.95","5.00","4.80","727.96K","-3.60%"
"02/19/2023","5.00","4.94","5.00","4.85","2.41M","0.00%"
"02/16/2023","5.00","5.00","5.03","4.85","1.43M","-0.20%"
"02/15/2023","5.01","5.03","5.09","4.98","1.34M","1.21%"
"02/14/2023","4.95","4.92","5.01","4.92","914.58K","0.81%"
"02/13/2023","4.91","4.91","5.10","4.84","2.33M","0.20%"
"02/12/2023","4.90","4.82","4.90","4.72","1.26M","1.66%"
"02/09/2023","4.82","4.74","4.89","4.73","2.09M","2.55%"
"02/08/2023","4.70","4.70","4.74","4.64","955.07K","0.43%"
"02/07/2023","4.68","4.65","4.72","4.63","622.19K","1.52%"
"02/06/2023","4.61","4.50","4.72","4.46","607.26K","2.90%"
"02/05/2023","4.48","4.69","4.69","4.30","841.28K","-2.40%"
"02/02/2023","4.59","4.70","4.70","4.50","2.59M","-0.43%"
"02/01/2023","4.61","4.67","4.70","4.47","1.65M","-0.43%"
"01/31/2023","4.63","5.06","5.09","4.60","3.78M","-8.50%"
"01/30/2023","5.06","5.23","5.25","5.00","3.36M","-3.25%"
"01/29/2023","5.23","5.16","5.23","5.07","2.90M","2.55%"
"01/25/2023","5.10","4.95","5.10","4.95","3.37M","3.45%"
"01/24/2023","4.93","4.97","5.10","4.90","1.95M","0.82%"
"01/23/2023","4.89","4.86","5.05","4.85","2.73M","0.62%"
"01/22/2023","4.86","4.95","5.00","4.84","813.36K","-1.02%"
"01/19/2023","4.91","4.96","5.06","4.84","1.83M","-1.80%"
"01/18/2023","5.00","5.23","5.31","4.91","2.82M","-3.10%"
"01/17/2023","5.16","5.20","5.24","5.10","2.15M","0.78%"
"01/16/2023","5.12","5.09","5.25","5.02","4.38M","2.40%"
"01/15/2023","5.00","4.80","5.07","4.75","3.37M","4.60%"
"01/12/2023","4.78","4.76","4.93","4.65","3.51M","-1.04%"
"01/11/2023","4.83","4.81","5.05","4.73","7.03M","0.00%"
"01/10/2023","4.83","4.93","4.98","4.72","6.41M","-0.62%"
"01/09/2023","4.86","5.00","5.20","4.83","4.97M","-2.21%"
"01/05/2023","4.97","4.78","5.07","4.77","5.01M","4.85%"
"01/04/2023","4.74","4.85","4.89","4.30","2.20M","-2.27%"
"01/03/2023","4.85","4.82","4.92","4.82","1.68M","0.62%"
"01/02/2023","4.82","4.72","4.86","4.71","1.98M","2.55%"
"12/29/2022","4.70","4.71","4.76","4.69","1.26M","0.43%"
"12/28/2022","4.68","4.70","4.73","4.61","1.51M","-0.21%"
"12/27/2022","4.69","4.65","4.78","4.65","3.21M","1.30%"
"12/26/2022","4.63","4.40","4.66","4.40","2.40M","4.99%"
"12/25/2022","4.41","4.59","4.60","4.27","835.40K","-3.92%"
"12/22/2022","4.59","4.72","4.76","4.55","1.85M","-2.13%"
"12/21/2022","4.69","4.65","4.74","4.59","1.22M","0.86%"
"12/20/2022","4.65","4.70","4.75","4.63","2.62M","0.22%"
"12/19/2022","4.64","4.66","4.77","4.59","1.81M","-0.85%"
"12/18/2022","4.68","4.89","4.89","4.66","2.68M","-2.70%"
"12/15/2022","4.81","4.91","5.13","4.76","14.11M","-0.21%"
"12/14/2022","4.82","4.73","4.90","4.73","11.90M","3.43%"
"12/13/2022","4.66","4.58","4.73","4.57","6.17M","4.02%"
"12/12/2022","4.48","4.50","4.55","4.34","2.61M","-1.10%"
"12/11/2022","4.53","4.70","4.74","4.49","7.01M","-2.37%"
"12/08/2022","4.64","4.62","4.74","4.55","2.49M","0.87%"
"12/07/2022","4.60","4.69","4.79","4.60","3.47M","-1.50%"
"12/06/2022","4.67","4.67","4.77","4.55","5.52M","-0.43%"
"12/05/2022","4.69","4.64","4.85","4.64","9.73M","1.96%"
"12/04/2022","4.60","4.51","4.62","4.48","6.67M","2.45%"
"12/01/2022","4.49","4.25","4.49","4.25","4.58M","5.65%"
"11/30/2022","4.25","4.33","4.34","4.21","2.27M","-0.70%"
"11/29/2022","4.28","4.31","4.41","4.25","6.33M","-0.70%"
"11/28/2022","4.31","4.47","4.50","4.30","4.88M","-3.36%"
"11/27/2022","4.46","4.52","4.60","4.42","2.43M","-1.33%"
"11/24/2022","4.52","4.50","4.56","4.40","5.28M","1.80%"
"11/23/2022","4.44","4.54","4.65","4.44","7.33M","-0.22%"
"11/22/2022","4.45","4.36","4.49","4.29","4.43M","3.49%"
"11/21/2022","4.30","4.24","4.47","4.21","11.17M","1.42%"
"11/20/2022","4.24","4.37","4.40","4.22","4.00M","-1.85%"
"11/17/2022","4.32","4.45","4.59","4.27","7.79M","-1.82%"
"11/16/2022","4.40","3.94","4.57","3.90","16.94M","11.68%"
"11/15/2022","3.94","3.91","3.96","3.83","5.30M","0.77%"
"11/14/2022","3.91","3.83","3.93","3.70","4.75M","1.82%"
"11/13/2022","3.84","3.64","3.89","3.63","4.02M","7.87%"
"11/10/2022","3.56","3.48","3.62","3.45","1.61M","3.19%"
"11/09/2022","3.45","3.60","3.63","3.40","3.09M","-3.63%"
"11/08/2022","3.58","3.74","3.81","3.55","1.81M","-3.50%"
"11/07/2022","3.71","3.67","3.81","3.67","928.42K","0.54%"
"11/06/2022","3.69","3.61","3.77","3.60","1.07M","1.65%"
"11/03/2022","3.63","3.68","3.73","3.59","1.65M","-1.63%"
"11/02/2022","3.69","3.85","3.87","3.66","2.06M","-3.40%"
"11/01/2022","3.82","3.77","3.89","3.75","3.11M","1.87%"
"10/31/2022","3.75","3.77","3.78","3.63","3.01M","-0.53%"
"10/30/2022","3.77","3.79","3.92","3.66","8.19M","0.53%"
"10/27/2022","3.75","3.60","3.82","3.59","10.81M","6.84%"
"10/26/2022","3.51","3.39","3.58","3.32","5.86M","5.09%"
"10/25/2022","3.34","3.33","3.36","3.23","1.28M","0.91%"
"10/24/2022","3.31","3.38","3.40","3.30","1.34M","-1.78%"
"10/23/2022","3.37","3.34","3.41","3.33","2.63M","2.12%"
"10/20/2022","3.30","3.29","3.39","3.27","2.78M","0.30%"
"10/19/2022","3.29","3.43","3.45","3.27","3.31M","-3.52%"
"10/18/2022","3.41","3.20","3.45","3.20","9.25M","8.25%"
"10/17/2022","3.15","3.10","3.17","3.03","2.49M","3.28%"
"10/16/2022","3.05","3.06","3.12","3.03","1.29M","1.33%"
"10/13/2022","3.01","3.00","3.05","2.93","1.52M","1.01%"
"10/12/2022","2.98","3.12","3.16","2.96","2.47M","-3.56%"
"10/11/2022","3.09","3.16","3.19","3.06","2.09M","-2.22%"
"10/10/2022","3.16","3.18","3.22","3.14","1.02M","-0.32%"
"10/09/2022","3.17","3.24","3.24","3.16","890.48K","-2.46%"
"10/05/2022","3.25","3.32","3.32","3.22","2.14M","-0.61%"
"10/04/2022","3.27","3.28","3.35","3.23","3.28M","2.19%"
"10/03/2022","3.20","3.28","3.28","3.11","2.02M","-1.84%"
"10/02/2022","3.26","3.39","3.40","3.25","2.07M","-4.68%"
"09/29/2022","3.42","3.49","3.50","3.39","1.97M","-0.58%"
"09/28/2022","3.44","3.51","3.62","3.42","5.45M","-1.15%"
"09/27/2022","3.48","3.37","3.57","3.33","5.00M","5.14%"
"09/26/2022","3.31","3.24","3.35","3.24","1.61M","2.16%"
"09/25/2022","3.24","3.31","3.31","3.22","800.13K","-1.52%"
"09/22/2022","3.29","3.16","3.34","3.16","1.13M","0.92%"
"09/21/2022","3.26","3.40","3.40","3.22","1.75M","-3.55%"
"09/20/2022","3.38","3.39","3.41","3.14","5.06M","-0.29%"
"09/19/2022","3.39","3.12","3.39","3.00","3.54M","8.31%"
"09/18/2022","3.13","3.57","3.57","3.08","7.92M","-11.33%"
"09/15/2022","3.53","3.59","3.61","3.52","2.00M","-1.12%"
"09/14/2022","3.57","3.65","3.65","3.50","3.45M","-2.72%"
"09/13/2022","3.67","3.78","3.80","3.65","2.55M","-1.87%"
"09/12/2022","3.74","3.75","3.86","3.73","5.01M","-0.27%"
"09/11/2022","3.75","3.77","3.84","3.73","1.73M","0.00%"
"09/08/2022","3.75","3.80","3.84","3.73","2.33M","-0.27%"
"09/07/2022","3.76","3.88","3.95","3.74","7.33M","-1.31%"
"09/06/2022","3.81","3.80","3.87","3.77","4.85M","1.60%"
"09/05/2022","3.75","3.85","3.87","3.72","3.63M","-1.32%"
"09/04/2022","3.80","3.72","3.84","3.66","2.47M","2.43%"
"09/01/2022","3.71","3.85","3.90","3.68","4.35M","-2.37%"
"08/31/2022","3.80","3.73","3.96","3.72","6.59M","1.88%"
"08/30/2022","3.73","3.67","3.86","3.57","7.94M","0.81%"
"08/29/2022","3.70","3.80","3.84","3.35","7.86M","-1.60%"
"08/28/2022","3.76","3.75","3.89","3.66","4.17M","1.08%"
"08/25/2022","3.72","3.59","3.81","3.56","4.45M","5.68%"
"08/24/2022","3.52","3.70","3.78","3.50","3.82M","-6.13%"
"08/23/2022","3.75","3.83","3.86","3.71","5.82M","-0.79%"
"08/22/2022","3.78","3.96","4.03","3.78","9.72M","-3.57%"
"08/21/2022","3.92","3.75","3.96","3.75","7.44M","6.23%"
"08/18/2022","3.69","3.52","3.76","3.51","9.54M","5.43%"
"08/17/2022","3.50","3.44","3.52","3.37","11.39M","2.94%"
"08/16/2022","3.40","3.30","3.45","3.27","18.47M","3.98%"
"08/15/2022","3.27","3.15","3.37","3.12","13.52M","4.81%"
"08/14/2022","3.12","3.20","3.25","3.10","9.73M","-1.58%"
"08/11/2022","3.17","3.23","3.26","3.14","10.23M","0.32%"
"08/10/2022","3.16","2.88","3.18","2.87","22.16M","9.72%"
"08/09/2022","2.88","2.90","3.03","2.87","7.72M","-1.03%"
"08/08/2022","2.91","3.02","3.03","2.88","9.78M","-3.00%"
"08/07/2022","3.00","3.03","3.13","2.98","17.37M","2.39%"
"08/04/2022","2.93","2.78","3.00","2.76","17.90M","5.78%"
"08/03/2022","2.77","2.64","2.78","2.62","12.40M","6.95%"
"08/02/2022","2.59","2.54","2.61","2.49","7.53M","2.78%"
"08/01/2022","2.52","2.53","2.65","2.51","11.16M","0.40%"
"07/31/2022","2.51","2.57","2.58","2.50","6.83M","-0.40%"
"07/28/2022","2.52","2.51","2.56","2.43","14.65M","1.61%"
"07/27/2022","2.48","2.60","2.65","2.46","7.44M","-4.62%"
"07/26/2022","2.60","2.63","2.76","2.58","19.11M","-1.52%"
"07/25/2022","2.64","2.35","2.70","2.30","16.08M","13.79%"
"07/24/2022","2.32","2.25","2.35","2.23","6.09M","4.04%"
"07/21/2022","2.23","2.20","2.29","2.19","9.23M","2.29%"
"07/20/2022","2.18","2.16","2.21","2.14","5.57M","1.40%"
"07/19/2022","2.15","2.13","2.16","2.09","3.66M","2.38%"
"07/18/2022","2.10","2.05","2.15","2.05","3.23M","2.94%"
"07/17/2022","2.04","2.07","2.09","2.02","1.01M","-0.49%"
"07/07/2022","2.05","2.03","2.13","2.01","6.89M","2.50%"
"07/06/2022","2.00","2.04","2.04","1.95","4.27M","-0.50%"
"07/05/2022","2.01","1.93","2.07","1.85","10.17M","5.24%"
"07/04/2022","1.91","2.16","2.16","1.88","8.41M","-10.33%"
"07/03/2022","2.13","2.23","2.27","2.12","3.10M","-3.62%"
"06/29/2022","2.21","2.16","2.25","2.15","6.17M","3.76%"
"06/28/2022","2.13","2.21","2.22","2.05","4.35M","-1.39%"
"06/27/2022","2.16","2.20","2.26","2.14","3.17M","-2.26%"
"06/26/2022","2.21","2.36","2.38","2.20","4.44M","-5.15%"
"06/23/2022","2.33","2.45","2.45","2.31","4.43M","-4.90%"
"06/22/2022","2.45","2.51","2.53","2.44","3.42M","-2.00%"
"06/21/2022","2.50","2.53","2.55","2.50","2.45M","0.00%"
"06/20/2022","2.50","2.51","2.57","2.47","2.41M","-0.79%"
"06/19/2022","2.52","2.66","2.66","2.49","1.72M","-4.18%"
"06/16/2022","2.63","2.65","2.68","2.62","1.16M","-0.38%"
"06/15/2022","2.64","2.70","2.73","2.62","1.65M","-1.49%"
"06/14/2022","2.68","2.61","2.71","2.57","2.98M","1.90%"
"06/13/2022","2.63","2.75","2.75","2.62","3.00M","-4.36%"
"06/12/2022","2.75","2.79","2.85","2.73","3.56M","-2.48%"
"06/09/2022","2.82","2.77","2.89","2.69","7.72M","2.92%"
"06/08/2022","2.74","2.67","2.77","2.67","6.45M","3.01%"
"06/07/2022","2.66","2.59","2.70","2.58","5.01M","2.70%"
"06/06/2022","2.59","2.67","2.67","2.58","1.75M","-1.52%"
"06/05/2022","2.63","2.50","2.65","2.50","4.54M","6.05%"
"06/02/2022","2.48","2.50","2.53","2.41","2.57M","-0.80%"
"06/01/2022","2.50","2.63","2.70","2.47","3.35M","-3.85%"
"05/31/2022","2.60","2.59","2.64","2.59","1.83M","0.00%"
"05/30/2022","2.60","2.58","2.70","2.56","2.68M","-0.38%"
"05/29/2022","2.61","2.70","2.71","2.55","3.75M","-2.61%"
"05/26/2022","2.68","2.91","2.95","2.65","7.87M","-7.59%"
"05/25/2022","2.90","3.13","3.17","2.89","6.51M","-7.94%"
"05/24/2022","3.15","3.19","3.21","3.12","1.34M","-0.94%"
"05/23/2022","3.18","3.21","3.25","3.17","2.54M","-0.93%"
"05/22/2022","3.21","3.30","3.31","3.20","1.26M","-0.62%"
"05/19/2022","3.23","3.29","3.30","3.22","2.72M","-3.29%"
"05/18/2022","3.34","3.27","3.41","3.25","4.50M","1.52%"
"05/17/2022","3.29","3.34","3.40","3.27","2.21M","-0.30%"
"05/16/2022","3.30","3.21","3.32","3.16","2.73M","3.12%"
"05/15/2022","3.20","3.28","3.34","3.18","1.60M","-2.14%"
"05/12/2022","3.27","3.38","3.48","3.25","6.86M","-2.68%"
"05/11/2022","3.36","3.16","3.43","3.16","9.76M","7.01%"
"05/10/2022","3.14","3.21","3.27","3.13","2.63M","-2.48%"
"05/09/2022","3.22","3.43","3.43","3.21","4.46M","-4.73%"
"05/08/2022","3.38","3.35","3.46","3.30","2.22M","0.60%"
"04/28/2022","3.36","3.20","3.41","3.20","3.54M","5.33%"
"04/27/2022","3.19","3.27","3.30","3.17","1.99M","-2.45%"
"04/26/2022","3.27","3.44","3.47","3.24","2.25M","-4.94%"
"04/21/2022","3.44","3.43","3.52","3.37","3.05M","1.18%"
"04/20/2022","3.40","3.36","3.55","3.30","4.26M","1.19%"
"04/19/2022","3.36","3.22","3.44","3.22","4.31M","9.09%"
"04/18/2022","3.08","3.18","3.18","2.86","4.98M","-0.65%"
"04/17/2022","3.10","3.72","3.80","3.04","3.64M","-16.67%"
"04/14/2022","3.72","3.86","3.86","3.66","1.56M","-4.12%"
"04/13/2022","3.88","3.89","3.97","3.86","957.14K","0.00%"
"04/12/2022","3.88","3.79","3.94","3.79","1.30M","2.37%"
"04/11/2022","3.79","3.85","3.95","3.75","1.53M","-1.56%"
"04/10/2022","3.85","4.03","4.07","3.82","2.28M","-3.75%"
"04/07/2022","4.00","4.24","4.24","4.00","5.90M","-5.44%"
"04/06/2022","4.23","4.38","4.39","4.18","2.02M","-3.42%"
"04/05/2022","4.38","4.44","4.50","4.36","4.04M","-0.90%"
"04/04/2022","4.42","4.21","4.42","4.21","6.34M","5.24%"
"04/03/2022","4.20","4.20","4.26","4.18","2.29M","0.96%"
"03/31/2022","4.16","4.12","4.25","4.08","3.95M","1.71%"
"03/30/2022","4.09","4.27","4.27","4.05","3.16M","-2.62%"
"03/29/2022","4.20","4.17","4.27","3.96","5.59M","1.69%"
"03/28/2022","4.13","4.47","4.54","4.01","8.95M","-7.40%"
"03/27/2022","4.46","5.26","5.26","4.42","20.41M","-16.01%"
"03/24/2022","5.31","5.43","5.51","5.28","2.75M","-1.30%"
"03/23/2022","5.38","5.49","5.49","5.30","1.69M","-1.47%"
"03/22/2022","5.46","5.41","5.70","5.41","5.68M","1.87%"
"03/21/2022","5.36","5.17","5.47","5.15","6.11M","3.28%"
"03/20/2022","5.19","5.16","5.22","5.14","2.68M","0.78%"
"03/17/2022","5.15","5.24","5.26","5.10","3.81M","-0.58%"
"03/16/2022","5.18","5.18","5.36","5.16","5.93M","0.97%"
"03/15/2022","5.13","5.13","5.17","5.05","1.32M","0.98%"
"03/14/2022","5.08","4.96","5.10","4.94","1.47M","1.80%"
"03/13/2022","4.99","5.14","5.20","4.95","3.63M","-2.73%"
"03/10/2022","5.13","5.14","5.20","5.07","2.37M","-0.39%"
"03/09/2022","5.15","5.21","5.22","5.08","3.20M","0.59%"
"03/08/2022","5.12","5.58","5.58","5.05","5.56M","-8.57%"
"03/07/2022","5.60","5.92","5.96","5.55","4.01M","-6.67%"
"03/06/2022","6.00","6.10","6.13","5.97","1.65M","-1.64%"
"03/03/2022","6.10","5.96","6.10","5.84","3.16M","3.74%"
"03/02/2022","5.88","5.97","6.03","5.84","1.56M","-1.34%"
"03/01/2022","5.96","5.99","6.07","5.92","2.19M","1.19%"
"02/28/2022","5.89","5.98","6.09","5.86","1.03M","-2.00%"
"02/27/2022","6.01","6.01","6.07","5.95","533.32K","2.91%"
"02/24/2022","5.84","5.71","6.04","5.70","3.40M","-4.73%"
"02/23/2022","6.13","6.16","6.23","6.11","1.25M","0.33%"
"02/22/2022","6.11","6.13","6.14","5.87","5.21M","-2.71%"
"02/21/2022","6.28","6.15","6.34","6.10","2.63M","3.63%"
"02/20/2022","6.06","6.20","6.23","6.01","1.07M","-3.19%"
"02/17/2022","6.26","6.40","6.40","6.20","915.56K","-1.57%"
"02/16/2022","6.36","6.55","6.60","6.33","1.27M","-1.40%"
"02/15/2022","6.45","6.34","6.53","6.34","1.57M","2.22%"
"02/14/2022","6.31","6.36","6.49","6.26","1.38M","-2.92%"
"02/13/2022","6.50","6.66","6.70","6.26","2.28M","-3.42%"
"02/10/2022","6.73","6.95","6.98","6.67","1.63M","-2.46%"
"02/09/2022","6.90","7.08","7.20","6.83","2.19M","-2.82%"
"02/08/2022","7.10","7.17","7.37","6.96","2.95M","-1.25%"
"02/07/2022","7.19","7.60","7.72","7.12","2.75M","-5.15%"
"02/06/2022","7.58","7.44","7.58","7.22","3.11M","2.85%"
"02/03/2022","7.37","7.50","7.50","7.26","751.04K","-0.94%"
"02/02/2022","7.44","7.19","7.55","7.16","3.51M","4.06%"
"02/01/2022","7.15","7.00","7.26","7.00","2.16M","2.44%"
"01/31/2022","6.98","6.73","7.11","6.70","2.26M","2.50%"
"01/30/2022","6.81","6.93","7.03","6.75","1.01M","-1.73%"
"01/26/2022","6.93","7.30","7.32","6.85","3.61M","-5.59%"
"01/25/2022","7.34","7.47","7.57","7.27","2.14M","-0.41%"
"01/24/2022","7.37","7.25","7.45","7.25","3.97M","1.10%"
"01/23/2022","7.29","7.47","7.59","7.22","4.27M","-3.70%"
"01/20/2022","7.57","7.70","7.80","7.50","2.98M","-1.30%"
"01/19/2022","7.67","7.98","8.10","7.67","3.25M","-4.36%"
"01/18/2022","8.02","7.69","8.08","7.67","5.00M","4.29%"
"01/17/2022","7.69","7.85","7.91","7.64","3.22M","-3.15%"
"01/16/2022","7.94","7.79","8.00","7.76","3.60M","2.32%"
"01/13/2022","7.76","7.63","7.86","7.60","2.38M","1.97%"
"01/12/2022","7.61","7.60","7.82","7.55","4.14M","-0.13%"
"01/11/2022","7.62","7.40","7.71","7.30","5.05M","3.11%"
"01/10/2022","7.39","7.46","7.60","7.36","1.76M","-0.94%"
"01/09/2022","7.46","7.44","7.60","7.40","2.86M","-1.58%"
"01/05/2022","7.58","7.59","7.67","7.26","9.73M","-0.13%"
"01/04/2022","7.59","7.40","7.90","7.36","10.43M","1.34%"
"01/03/2022","7.49","6.88","7.49","6.74","8.15M","10.96%"
"01/02/2022","6.75","6.87","7.00","6.75","2.02M","-1.89%"
"12/30/2021","6.88","6.98","7.02","6.75","6.18M","-0.29%"
"12/29/2021","6.90","6.50","6.98","6.50","9.00M","6.98%"
"12/28/2021","6.45","6.33","6.59","6.30","3.44M","3.04%"
"12/27/2021","6.26","6.45","6.50","6.21","1.51M","-2.19%"
"12/26/2021","6.40","6.60","6.61","6.36","1.27M","-1.54%"
"12/23/2021","6.50","6.39","6.64","6.39","6.27M","2.52%"
"12/22/2021","6.34","6.26","6.51","6.26","3.52M","1.28%"
"12/21/2021","6.26","6.24","6.40","6.24","2.90M","1.62%"
"12/20/2021","6.16","6.30","6.30","6.01","1.71M","-2.53%"
"12/19/2021","6.32","6.60","6.60","6.30","801.14K","-3.95%"
"12/16/2021","6.58","6.45","6.65","6.45","705.36K","2.49%"
"12/15/2021","6.42","6.38","6.50","6.31","266.53K","0.63%"
"12/14/2021","6.38","6.65","6.75","6.32","1.66M","-3.77%"
"12/13/2021","6.63","6.29","6.69","6.23","2.66M","6.08%"
"12/12/2021","6.25","6.20","6.38","6.20","322.77K","-0.32%"
"12/09/2021","6.27","6.30","6.30","6.15","704.42K","0.32%"
"12/08/2021","6.25","6.25","6.40","6.20","2.04M","-1.42%"
"12/07/2021","6.34","6.39","6.65","6.30","2.58M","-0.63%"
"12/06/2021","6.38","6.27","6.45","6.26","2.71M","2.24%"
"12/05/2021","6.24","6.10","6.27","6.07","1.64M","2.30%"
"12/02/2021","6.10","6.10","6.19","5.98","472.94K","0.33%"
"12/01/2021","6.08","6.04","6.17","6.01","858.94K","0.33%"
"11/30/2021","6.06","6.00","6.10","5.92","1.65M","0.50%"
"11/29/2021","6.03","5.95","6.12","5.85","1.78M","2.03%"
"11/28/2021","5.91","5.70","6.00","5.61","1.42M","0.68%"
"11/25/2021","5.87","5.85","6.07","5.80","4.27M","1.03%"
"11/24/2021","5.81","5.72","5.88","5.71","1.62M","0.69%"
"11/23/2021","5.77","5.79","5.80","5.71","965.28K","-0.35%"
"11/22/2021","5.79","5.71","5.88","5.71","559.18K","-0.52%"
"11/21/2021","5.82","5.97","5.98","5.80","1.71M","-2.18%"
"11/18/2021","5.95","6.07","6.10","5.90","1.02M","-1.00%"
"11/17/2021","6.01","5.97","6.06","5.88","4.74M","2.04%"
"11/16/2021","5.89","6.00","6.09","5.81","2.46M","-2.48%"
"11/15/2021","6.04","6.09","6.15","6.00","779.17K","-1.15%"
"11/14/2021","6.11","6.20","6.27","6.05","1.12M","-0.97%"
"11/11/2021","6.17","6.13","6.20","6.10","1.88M","1.82%"
"11/10/2021","6.06","6.16","6.21","6.00","2.12M","-1.78%"
"11/09/2021","6.17","6.25","6.28","6.17","811.88K","-0.80%"
"11/08/2021","6.22","6.30","6.30","6.20","494.70K","0.32%"
"11/07/2021","6.20","6.10","6.27","6.10","374.16K","1.31%"
"11/04/2021","6.12","6.22","6.33","6.10","1.36M","-1.92%"
"11/03/2021","6.24","6.29","6.44","6.20","3.66M","-0.32%"
"11/02/2021","6.26","6.28","6.30","6.20","2.67M","0.64%"
"11/01/2021","6.22","6.28","6.35","6.20","1.00M","-0.80%"
"10/31/2021","6.27","6.27","6.36","6.24","757.30K","-0.48%"
"10/28/2021","6.30","6.49","6.50","6.28","1.07M","-1.56%"
"10/27/2021","6.40","6.41","6.41","6.20","1.91M","0.00%"
"10/26/2021","6.40","6.51","6.61","6.37","1.96M","-0.16%"
"10/25/2021","6.41","6.52","6.52","6.27","1.56M","-1.69%"
"10/24/2021","6.52","6.50","6.74","6.46","1.43M","1.56%"
"10/20/2021","6.42","6.80","6.83","6.16","3.24M","-4.32%"
"10/19/2021","6.71","6.95","6.98","6.59","2.93M","-2.47%"
"10/18/2021","6.88","7.07","7.07","6.85","4.11M","-1.99%"
"10/17/2021","7.02","6.97","7.15","6.83","5.01M","1.01%"
"10/14/2021","6.95","6.55","6.95","6.46","3.84M","6.27%"
"10/13/2021","6.54","6.70","6.70","6.46","4.86M","-0.91%"
"10/12/2021","6.60","6.54","6.71","6.50","1.98M","0.92%"
"10/11/2021","6.54","6.51","6.61","6.50","783.39K","0.62%"
"10/10/2021","6.50","6.63","6.71","6.48","2.64M","-0.91%"
"10/06/2021","6.56","6.65","6.67","6.40","2.37M","0.46%"
"10/05/2021","6.53","6.67","6.76","6.50","2.36M","-1.06%"
"10/04/2021","6.60","6.35","6.67","6.32","1.97M","3.77%"
"10/03/2021","6.36","6.60","6.66","6.35","1.25M","-3.34%"
"09/30/2021","6.58","6.44","6.63","6.44","1.33M","2.97%"
"09/29/2021","6.39","6.21","6.46","6.20","3.17M","2.24%"
"09/28/2021","6.25","6.40","6.41","6.19","3.96M","-3.40%"
"09/27/2021","6.47","6.93","6.97","6.45","3.17M","-6.23%"
"09/26/2021","6.90","7.04","7.10","6.90","1.83M","-1.29%"
"09/23/2021","6.99","6.97","7.00","6.92","1.70M","0.58%"
"09/22/2021","6.95","7.00","7.00","6.90","1.38M","1.46%"
"09/21/2021","6.85","7.05","7.10","6.63","2.00M","-2.14%"
"09/20/2021","7.00","7.26","7.30","6.93","2.33M","-4.63%"
"09/19/2021","7.34","7.51","7.70","7.30","1.01M","-4.92%"
"09/16/2021","7.72","7.72","7.79","7.47","1.99M","-0.13%"
"09/15/2021","7.73","7.63","7.96","7.55","1.43M","1.31%"
"09/14/2021","7.63","7.70","7.79","7.52","173.11K","1.19%"
"09/13/2021","7.54","7.69","7.69","7.50","287.19K","0.80%"
"09/12/2021","7.48","7.71","7.79","7.45","105.25K","-2.98%"
"09/09/2021","7.71","7.69","7.71","7.35","967.06K","-0.26%"
"09/08/2021","7.73","7.70","7.84","7.60","322.01K","-0.13%"
"09/07/2021","7.74","7.48","7.80","7.43","2.19M","4.59%"
"09/06/2021","7.40","7.60","7.61","7.34","411.55K","-2.76%"
"09/05/2021","7.61","8.00","8.00","7.56","1.78M","-4.16%"
"09/02/2021","7.94","7.80","8.01","7.75","1.80M","2.19%"
"09/01/2021","7.77","7.75","7.93","7.68","2.99M","0.91%"
"08/31/2021","7.70","7.84","7.84","7.55","1.08M","-0.52%"
"08/30/2021","7.74","7.94","7.94","7.64","2.01M","-3.13%"
"08/29/2021","7.99","8.06","8.30","7.78","2.91M","0.38%"
"08/26/2021","7.96","7.75","8.12","7.73","5.71M","3.38%"
"08/25/2021","7.70","7.62","7.80","7.55","1.84M","1.72%"
"08/24/2021","7.57","7.67","7.67","7.50","768.64K","0.26%"
"08/23/2021","7.55","7.37","7.65","7.31","800.21K","2.17%"
"08/22/2021","7.39","7.35","7.46","7.33","671.85K","-1.20%"
"08/19/2021","7.48","7.50","7.64","7.30","1.15M","-1.19%"
"08/18/2021","7.57","7.69","7.74","7.45","1.24M","-0.79%"
"08/17/2021","7.63","7.78","7.79","7.54","325.88K","-1.04%"
"08/16/2021","7.71","7.84","7.85","7.60","421.29K","-1.41%"
"08/15/2021","7.82","7.76","7.91","7.69","879.75K","1.82%"
"08/11/2021","7.68","7.62","7.80","7.50","755.38K","-1.03%"
"08/10/2021","7.76","7.80","7.88","7.57","1.00M","-0.13%"
"08/09/2021","7.77","8.00","8.00","7.65","1.51M","-2.51%"
"08/08/2021","7.97","7.78","8.20","7.70","3.32M","2.71%"
"08/05/2021","7.76","7.85","7.90","7.66","1.27M","-0.89%"
"08/04/2021","7.83","7.68","7.96","7.54","4.40M","2.89%"
"08/03/2021","7.61","7.60","7.80","7.49","1.82M","-1.17%"
"08/02/2021","7.70","7.48","7.87","7.40","4.15M","4.90%"
"08/01/2021","7.34","7.40","7.45","7.26","1.38M","-0.27%"
"07/29/2021","7.36","7.38","7.50","7.25","1.80M","1.52%"
"07/28/2021","7.25","7.23","7.36","7.10","1.17M","0.42%"
"07/27/2021","7.22","6.99","7.34","6.99","1.87M","4.03%"
"07/26/2021","6.94","6.98","7.00","6.87","351.07K","-0.86%"
"07/25/2021","7.00","7.09","7.14","6.90","848.42K","0.00%"
"07/18/2021","7.00","7.10","7.10","6.94","689.37K","-1.13%"
"07/15/2021","7.08","7.10","7.20","7.00","1.08M","-0.98%"
"07/14/2021","7.15","7.40","7.41","7.00","1.84M","-1.92%"
"07/13/2021","7.29","7.15","7.40","7.15","1.15M","1.25%"
"07/12/2021","7.20","7.02","7.35","7.01","932.70K","-1.10%"
"07/11/2021","7.28","7.12","7.38","7.11","419.71K","1.90%"
"07/08/2021","7.14","7.28","7.35","7.09","1.03M","-2.40%"
"07/07/2021","7.32","7.35","7.42","7.15","616.26K","1.78%"
"07/06/2021","7.19","7.19","7.27","7.10","219.69K","-2.07%"
"07/05/2021","7.34","7.44","7.44","7.27","322.06K","-0.54%"
"07/04/2021","7.38","7.50","7.50","7.32","440.63K","-0.97%"
"06/30/2021","7.46","7.39","7.61","7.31","1.68M","2.31%"
"06/29/2021","7.29","7.16","7.39","7.06","670.72K","2.36%"
"06/28/2021","7.12","7.14","7.18","7.04","817.82K","-0.89%"
"06/27/2021","7.18","7.31","7.31","7.06","611.95K","-1.10%"
"06/24/2021","7.26","7.34","7.38","7.16","985.20K","0.78%"
"06/23/2021","7.21","7.38","7.40","7.13","807.47K","-1.85%"
"06/22/2021","7.34","7.42","7.43","7.24","673.80K","-0.86%"
"06/21/2021","7.41","7.28","7.46","7.26","1.00M","3.35%"
"06/20/2021","7.17","7.21","7.26","7.10","586.34K","-1.32%"
"06/17/2021","7.26","7.22","7.48","7.12","1.59M","1.11%"
"06/16/2021","7.18","7.23","7.24","7.10","821.14K","0.67%"
"06/15/2021","7.14","7.29","7.36","7.04","390.30K","-2.19%"
"06/14/2021","7.30","7.12","7.41","7.08","355.16K","0.33%"
"06/13/2021","7.27","7.54","7.59","7.10","922.40K","-3.30%"
"06/10/2021","7.52","7.30","7.68","7.24","3.15M","3.52%"
"06/09/2021","7.26","6.92","7.38","6.92","641.00K","4.13%"
"06/08/2021","6.98","7.08","7.13","6.86","1.40M","-3.00%"
"06/07/2021","7.19","7.36","7.40","7.08","1.06M","-0.22%"
"06/06/2021","7.21","7.04","7.34","6.98","1.78M","4.89%"
"06/03/2021","6.87","6.72","7.12","6.50","2.10M","0.70%"
"06/02/2021","6.82","7.11","7.11","6.64","2.39M","-2.85%"
"06/01/2021","7.02","7.08","7.08","6.98","556.32K","-1.57%"
"05/31/2021","7.14","7.20","7.32","7.04","606.74K","-0.34%"
"05/30/2021","7.16","7.23","7.28","7.10","484.81K","-2.08%"
"05/27/2021","7.31","7.20","7.43","7.16","1.21M","1.33%"
"05/26/2021","7.22","7.32","7.36","7.12","1.29M","-0.11%"
"05/25/2021","7.22","7.06","7.33","6.97","1.19M","0.67%"
"05/24/2021","7.18","7.36","7.40","7.10","1.18M","-2.29%"
"05/23/2021","7.34","7.42","7.49","7.26","988.14K","-0.86%"
"05/20/2021","7.41","7.48","7.60","7.29","1.26M","-3.14%"
"05/19/2021","7.65","7.48","7.76","7.36","6.42M","3.13%"
"05/18/2021","7.42","7.44","7.52","7.31","2.87M","0.43%"
"05/17/2021","7.38","7.52","7.52","7.25","3.06M","0.76%"
"05/11/2021","7.33","7.22","7.52","7.12","6.07M","4.21%"
"05/10/2021","7.03","6.69","7.28","6.68","5.33M","4.89%"
"05/09/2021","6.70","6.75","6.84","6.66","1.76M","-1.53%"
"05/06/2021","6.81","6.73","6.96","6.72","2.29M","1.79%"
"05/05/2021","6.69","6.70","6.78","6.64","1.18M","-0.48%"
"05/04/2021","6.72","6.87","6.87","6.64","1.04M","0.84%"
"04/28/2021","6.66","6.80","6.86","6.50","4.67M","-2.69%"
"04/27/2021","6.85","6.94","6.98","6.75","3.14M","-0.58%"
"04/26/2021","6.89","7.06","7.06","6.79","1.68M","-3.37%"
"04/25/2021","7.13","7.20","7.24","7.04","1.33M","-1.11%"
"04/22/2021","7.21","7.20","7.33","7.10","1.71M","0.67%"
"04/21/2021","7.16","7.14","7.30","7.04","2.44M","0.79%"
"04/20/2021","7.10","6.98","7.28","6.84","2.89M","3.62%"
"04/19/2021","6.86","6.74","6.96","6.64","672.37K","1.66%"
"04/18/2021","6.74","6.65","6.84","6.64","467.70K","3.31%"
"04/15/2021","6.53","6.67","6.92","6.18","4.33M","-2.74%"
"04/14/2021","6.71","7.26","7.26","6.56","5.54M","-7.90%"
"04/13/2021","7.29","7.40","7.52","7.12","1.73M","-4.00%"
"04/12/2021","7.59","7.66","7.73","7.45","2.34M","0.85%"
"04/11/2021","7.53","7.38","7.70","7.27","3.41M","3.52%"
"04/08/2021","7.27","7.18","7.38","7.18","1.77M","2.36%"
"04/07/2021","7.10","6.98","7.24","6.98","1.12M","-0.56%"
"04/06/2021","7.14","7.28","7.29","6.92","1.10M","-0.67%"
"04/05/2021","7.19","7.51","7.52","6.96","2.39M","-6.35%"
"04/04/2021","7.68","7.92","7.96","7.56","832.77K","-3.71%"
"04/01/2021","7.98","8.16","8.20","7.84","1.87M","-0.70%"
"03/31/2021","8.03","8.00","8.27","7.88","2.91M","-0.30%"
"03/30/2021","8.06","8.10","8.23","7.92","1.20M","-1.27%"
"03/29/2021","8.16","8.13","8.27","8.08","1.73M","-0.39%"
"03/28/2021","8.19","8.33","8.35","8.12","1.14M","0.20%"
"03/25/2021","8.18","8.08","8.34","7.94","1.24M","0.39%"
"03/24/2021","8.14","8.30","8.34","7.95","4.45M","5.93%"
"03/23/2021","7.69","7.52","8.31","6.98","6.25M","0.42%"
"03/22/2021","7.66","7.62","7.87","7.42","3.17M","-4.78%"
"03/21/2021","8.04","8.23","8.36","7.73","1.97M","-2.14%"
"03/18/2021","8.22","8.24","8.46","8.00","3.69M","-4.38%"
"03/17/2021","8.59","8.93","8.96","8.27","1.30M","-1.47%"
"03/16/2021","8.72","8.76","8.86","8.52","941.95K","-1.89%"
"03/15/2021","8.89","8.99","9.08","8.64","1.96M","-0.54%"
"03/14/2021","8.94","8.86","9.08","8.80","2.71M","-0.18%"
"03/11/2021","8.95","9.12","9.20","8.77","2.29M","-1.32%"
"03/10/2021","9.07","8.96","9.28","8.80","3.64M","-0.53%"
"03/09/2021","9.12","9.02","9.35","8.96","3.72M","2.98%"
"03/08/2021","8.86","8.86","9.07","8.57","8.03M","1.56%"
"03/07/2021","8.72","8.50","8.92","8.42","3.96M","3.81%"
"03/04/2021","8.40","8.62","8.62","8.20","4.22M","-0.94%"
"03/03/2021","8.48","8.64","8.76","8.26","4.81M","-6.28%"
"03/02/2021","9.05","9.22","9.32","8.48","5.79M","-1.91%"
"03/01/2021","9.22","9.13","9.52","9.04","2.32M","-1.45%"
"02/28/2021","9.36","9.58","9.60","9.11","4.47M","-5.26%"
"02/25/2021","9.88","10.16","10.40","9.46","6.22M","-1.59%"
"02/24/2021","10.04","9.90","10.40","9.60","11.29M","11.56%"
"02/23/2021","9.00","8.60","9.36","8.37","12.17M","5.44%"
"02/22/2021","8.54","8.57","8.78","8.30","4.49M","2.20%"
"02/21/2021","8.35","8.31","8.48","8.28","2.00M","1.16%"
"02/18/2021","8.26","8.44","8.44","8.12","3.27M","-2.27%"
"02/17/2021","8.45","8.34","8.67","8.25","5.90M","-2.49%"
"02/16/2021","8.66","8.71","8.96","8.37","7.69M","3.04%"
"02/15/2021","8.41","7.94","8.74","7.91","19.39M","11.22%"
"02/14/2021","7.56","7.08","7.74","7.04","3.95M","7.39%"
"02/11/2021","7.04","7.18","7.18","7.00","1.30M","-1.35%"
"02/10/2021","7.14","7.06","7.20","7.04","664.85K","0.22%"
"02/09/2021","7.12","7.18","7.18","7.08","1.23M","-1.22%"
"02/08/2021","7.21","7.20","7.36","7.05","2.01M","0.56%"
"02/07/2021","7.17","7.20","7.22","7.07","968.72K","-0.22%"
"02/04/2021","7.18","7.13","7.30","7.10","5.26M","-0.44%"
"02/03/2021","7.22","7.30","7.36","7.12","2.02M","-2.38%"
"02/02/2021","7.39","7.54","7.56","7.28","1.24M","-1.81%"
"02/01/2021","7.53","7.42","7.66","7.40","2.05M","1.51%"
"01/31/2021","7.42","7.36","7.52","7.30","1.92M","1.20%"
"01/27/2021","7.33","7.12","7.44","7.12","5.70M","2.58%"
"01/26/2021","7.14","7.12","7.28","6.98","802.66K","0.79%"
"01/25/2021","7.09","6.98","7.19","6.98","850.36K","-1.12%"
"01/24/2021","7.17","7.28","7.28","6.98","1.37M","-1.21%"
"01/21/2021","7.26","7.36","7.48","7.12","2.01M","-3.10%"
"01/20/2021","7.49","7.56","7.58","7.31","318.18K","-0.11%"
"01/19/2021","7.50","7.36","7.56","7.36","293.12K","0.97%"
"01/18/2021","7.42","7.56","7.56","7.28","365.09K","-2.11%"
"01/17/2021","7.58","7.52","7.76","7.46","973.27K","1.39%"
"01/14/2021","7.48","7.52","7.54","7.40","1.12M","-1.58%"
"01/13/2021","7.60","7.69","7.72","7.44","643.72K","-1.76%"
"01/12/2021","7.74","7.57","7.82","7.57","874.85K","-1.53%"
"01/11/2021","7.86","7.98","8.01","7.60","1.16M","2.61%"
"01/10/2021","7.66","7.32","7.95","7.22","3.98M","5.86%"
"01/06/2021","7.23","7.14","7.44","7.04","2.70M","1.35%"
"01/05/2021","7.14","7.19","7.31","7.04","2.51M","6.19%"
"01/04/2021","6.72","6.38","6.96","6.34","7.10M","6.19%"
"01/03/2021","6.33","6.32","6.38","6.26","128.65K","0.89%"
"12/31/2020","6.27","6.31","6.38","6.17","1.21M","0.26%"
"12/30/2020","6.26","6.34","6.34","6.18","583.59K","0.90%"
"12/29/2020","6.20","6.12","6.28","6.12","2.81M","1.97%"
"12/28/2020","6.08","6.08","6.08","6.06","170.50K","0.53%"
"12/27/2020","6.05","6.05","6.08","5.97","141.08K","-0.13%"
"12/24/2020","6.06","6.08","6.13","6.01","220.00K","-0.79%"
"12/23/2020","6.10","6.36","6.40","6.02","1.10M","0.26%"
"12/22/2020","6.09","6.08","6.17","5.92","903.20K","0.53%"
"12/21/2020","6.06","6.40","6.40","5.94","1.65M","-4.54%"
"12/20/2020","6.34","6.12","6.53","6.08","4.07M","4.34%"
"12/17/2020","6.08","5.94","6.15","5.94","1.13M","1.88%"
"12/16/2020","5.97","6.12","6.12","5.92","254.38K","-1.97%"
"12/15/2020","6.09","6.00","6.17","5.96","771.42K","1.47%"
"12/14/2020","6.00","6.09","6.09","5.94","225.83K","-0.27%"
"12/13/2020","6.02","6.14","6.16","5.96","2.46M","0.40%"
"12/10/2020","5.99","6.00","6.06","5.95","1.60M","-0.66%"
"12/09/2020","6.03","5.98","6.08","5.96","318.96K","0.13%"
"12/08/2020","6.02","6.10","6.11","5.94","848.66K","-0.92%"
"12/07/2020","6.08","6.01","6.12","6.00","974.24K","0.53%"
"12/06/2020","6.05","6.20","6.20","6.00","290.41K","1.07%"
"12/03/2020","5.98","5.96","6.03","5.96","113.89K","-0.53%"
"12/02/2020","6.02","5.97","6.06","5.92","964.25K","0.40%"
"12/01/2020","5.99","6.01","6.01","5.98","197.00K","0.27%"
"11/30/2020","5.98","6.00","6.12","5.92","518.95K","-0.93%"
"11/29/2020","6.03","6.07","6.08","5.96","269.13K","-1.05%"
"11/26/2020","6.10","6.08","6.10","6.05","950.41K","-1.04%"
"11/25/2020","6.16","6.16","6.24","6.09","4.19M","0.52%"
"11/24/2020","6.13","6.07","6.16","6.06","622.88K","1.59%"
"11/23/2020","6.03","5.90","6.08","5.90","2.18M","2.59%"
"11/22/2020","5.88","5.84","5.93","5.84","117.56K","-0.68%"
"11/19/2020","5.92","6.00","6.06","5.84","327.34K","-0.67%"
"11/18/2020","5.96","5.88","6.10","5.88","152.61K","0.27%"
"11/17/2020","5.94","6.00","6.05","5.88","719.67K","-1.20%"
"11/16/2020","6.02","6.10","6.10","5.92","477.59K","-1.18%"
"11/15/2020","6.09","6.18","6.18","6.06","903.35K","-1.30%"
"11/12/2020","6.17","6.10","6.32","6.10","909.13K","-1.03%"
"11/11/2020","6.23","6.35","6.35","6.20","310.72K","-1.27%"
"11/10/2020","6.31","6.54","6.56","6.20","1.19M","-1.00%"
"11/09/2020","6.38","6.20","6.63","6.20","1.90M","2.18%"
"11/08/2020","6.24","6.22","6.24","6.20","215.27K","0.39%"
"11/05/2020","6.22","6.26","6.32","6.17","1.45M","-1.89%"
"11/04/2020","6.34","6.30","6.43","6.22","369.02K","2.19%"
"11/03/2020","6.20","6.16","6.30","6.00","342.91K","0.39%"
"11/02/2020","6.18","6.18","6.32","6.06","695.02K","-1.53%"
"11/01/2020","6.27","6.18","6.36","6.17","525.85K","-1.63%"
"10/28/2020","6.38","6.41","6.47","6.26","2.18M","0.38%"
"10/27/2020","6.35","6.15","6.46","6.15","2.82M","5.03%"
"10/26/2020","6.05","6.00","6.16","5.90","602.49K","2.16%"
"10/25/2020","5.92","5.80","6.00","5.80","16.19K","-1.20%"
"10/22/2020","5.99","6.02","6.12","5.68","1.71M","-1.96%"
"10/21/2020","6.11","6.28","6.34","6.08","1.33M","-1.67%"
"10/20/2020","6.22","6.12","6.30","6.12","1.13M","0.13%"
"10/19/2020","6.21","6.24","6.39","6.11","399.46K","-0.51%"
"10/18/2020","6.24","6.35","6.36","6.24","992.61K","-2.50%"
"10/15/2020","6.40","6.50","6.52","6.10","1.30M","-0.25%"
"10/14/2020","6.42","6.40","6.52","6.32","2.54M","1.78%"
"10/13/2020","6.30","6.29","6.39","6.24","450.23K","-0.25%"
"10/12/2020","6.32","6.40","6.44","6.26","393.67K","-1.00%"
"10/11/2020","6.38","6.53","6.54","6.25","2.06M","-2.21%"
"10/07/2020","6.53","6.65","6.70","6.40","1.24M","-3.09%"
"10/06/2020","6.74","6.69","6.87","6.64","1.23M","0.36%"
"10/05/2020","6.71","6.77","6.80","6.48","3.02M","-0.36%"
"10/04/2020","6.74","6.87","6.90","6.59","2.57M","0.00%"
"10/01/2020","6.74","6.59","6.88","6.56","3.13M","2.43%"
"09/30/2020","6.58","6.43","6.64","6.41","2.34M","2.62%"
"09/29/2020","6.41","6.38","6.56","6.28","3.04M","2.04%"
"09/28/2020","6.28","6.24","6.36","6.20","1.46M","0.77%"
"09/27/2020","6.23","6.28","6.30","6.19","330.04K","-0.26%"
"09/24/2020","6.25","6.28","6.34","6.22","1.37M","-3.10%"
"09/23/2020","6.45","6.35","6.58","6.35","4.41M","2.54%"
"09/22/2020","6.29","6.10","6.38","6.06","4.36M","1.42%"
"09/21/2020","6.20","6.29","6.39","6.04","3.64M","0.26%"
"09/20/2020","6.18","6.00","6.27","6.00","2.48M","1.71%"
"09/17/2020","6.08","6.13","6.19","6.01","1.45M","1.06%"
"09/16/2020","6.02","5.95","6.12","5.84","2.78M","2.87%"
"09/15/2020","5.85","5.84","5.95","5.76","728.62K","-2.14%"
"09/14/2020","5.98","6.04","6.11","5.84","1.22M","-0.80%"
"09/13/2020","6.02","6.16","6.23","5.96","3.20M","-1.57%"
"09/10/2020","6.12","6.08","6.16","5.99","1.80M","2.68%"
"09/09/2020","5.96","5.84","6.06","5.79","775.37K","-0.67%"
"09/08/2020","6.00","6.13","6.20","5.84","2.19M","-3.47%"
"09/07/2020","6.22","6.22","6.32","6.06","5.68M","2.64%"
"09/06/2020","6.06","6.08","6.24","5.78","7.96M","-3.93%"
"09/03/2020","6.30","6.44","6.60","6.04","4.71M","2.60%"
"09/02/2020","6.14","5.79","6.35","5.68","15.03M","6.37%"
"09/01/2020","5.78","5.90","5.90","5.65","1.96M","-1.10%"
"08/31/2020","5.84","6.08","6.08","5.66","1.70M","-4.07%"
"08/30/2020","6.09","6.16","6.22","6.00","2.58M","-0.52%"
"08/27/2020","6.12","6.21","6.24","6.04","2.78M","-2.42%"
"08/26/2020","6.27","6.55","6.55","6.04","9.54M","-1.88%"
"08/25/2020","6.39","6.18","6.72","6.18","7.55M","3.36%"
"08/24/2020","6.18","6.31","6.31","5.87","742.76K","-0.26%"
"08/23/2020","6.20","6.28","6.32","6.09","2.30M","2.51%"
"08/19/2020","6.05","5.68","6.08","5.68","8.21M","9.41%"
"08/18/2020","5.53","5.04","5.57","5.04","993.20K","9.16%"
"08/17/2020","5.06","5.00","5.12","5.00","233.60K","-0.78%"
"08/16/2020","5.10","5.12","5.19","5.04","53.94K","-0.31%"
"08/13/2020","5.12","5.12","5.16","5.06","798.88K","-0.31%"
"08/12/2020","5.14","5.17","5.28","5.08","377.10K","-0.77%"
"08/11/2020","5.18","5.18","5.18","5.16","514.84K","-0.15%"
"08/10/2020","5.18","5.17","5.26","5.16","888.43K","-1.82%"
"08/09/2020","5.28","5.27","5.28","5.10","1.16M","0.00%"
"08/06/2020","5.28","5.28","5.28","5.19","594.00K","-0.45%"
"08/05/2020","5.30","5.32","5.32","5.24","325.28K","-0.30%"
"08/04/2020","5.32","5.32","5.32","5.29","1.04M","-1.19%"
"07/29/2020","5.38","5.40","5.40","5.28","2.05M","-0.44%"
"07/27/2020","5.41","5.06","5.41","5.06","1.28M","0.00%"
"07/26/2020","5.41","5.69","5.69","5.32","1.19M","-2.65%"
"07/22/2020","5.56","5.50","5.57","5.50","22.04K","0.12%"
"07/21/2020","5.55","5.39","5.39","5.38","3.31K","0.00%"
"07/20/2020","5.55","5.58","5.58","5.45","1.17M","-0.57%"
"07/19/2020","5.58","5.60","5.60","5.47","732.43K","-0.57%"
"07/16/2020","5.61","5.63","5.63","5.61","10.16K","-0.11%"
"07/15/2020","5.62","5.60","5.76","5.15","186.95K","0.11%"
"07/14/2020","5.61","5.74","5.74","5.59","8.95K","-2.56%"
"07/13/2020","5.76","5.76","5.76","5.63","1.91M","3.21%"
"07/12/2020","5.58","5.75","5.75","5.47","40.22K","0.35%"
"07/09/2020","5.56","5.44","5.68","5.25","373.31K","0.00%"
"07/08/2020","5.56","5.44","5.63","5.43","302.97K","4.83%"
"07/07/2020","5.31","5.33","5.44","5.12","1.64M","-2.47%"
"07/06/2020","5.44","5.32","5.46","5.32","3.07M","2.53%"
"07/05/2020","5.31","5.50","5.50","5.23","66.66K","-1.66%"
"06/30/2020","5.40","5.25","5.63","5.12","1.65M","0.24%"
"06/29/2020","5.38","5.32","5.44","5.22","300.22K","0.36%"
"06/28/2020","5.36","5.44","5.44","5.25","453.46K","0.84%"
"06/25/2020","5.32","5.31","5.44","5.28","2.78M","1.22%"
"06/24/2020","5.25","5.12","5.50","5.12","3.18M","2.37%"
"06/23/2020","5.13","5.12","5.27","5.05","234.98K","1.01%"
"06/22/2020","5.08","4.81","5.22","4.80","508.93K","2.72%"
"06/21/2020","4.95","4.96","5.04","4.93","35.94K","-0.77%"
"06/18/2020","4.99","4.99","5.09","4.90","144.24K","1.56%"
"06/17/2020","4.91","4.90","4.99","4.80","76.38K","0.52%"
"06/16/2020","4.88","4.79","5.05","4.64","133.81K","5.24%"
"06/15/2020","4.64","4.58","4.68","4.58","84.15K","1.26%"
"06/14/2020","4.58","4.58","4.72","4.54","142.38K","-1.10%"
"06/11/2020","4.63","4.42","4.80","4.42","456.12K","3.13%"
"06/10/2020","4.49","4.45","4.60","4.42","48.90K","-0.43%"
"06/09/2020","4.51","4.58","4.58","4.44","108.86K","-1.67%"
"06/08/2020","4.59","4.65","4.65","4.49","322.50K","0.56%"
"06/07/2020","4.56","4.44","4.62","4.43","3.28M","4.39%"
"06/04/2020","4.37","4.40","4.48","4.35","2.25M","0.59%"
"06/03/2020","4.35","4.32","4.35","4.22","4.74M","0.89%"
"06/02/2020","4.31","4.40","4.44","4.20","246.28K","2.75%"
"06/01/2020","4.19","4.19","4.25","4.17","4.90M","0.00%"
"05/31/2020","4.19","4.28","4.28","4.28","0.00K","0.00%"
"05/21/2020","4.19","4.22","4.22","4.16","1.04M","1.08%"
"05/20/2020","4.15","3.97","4.16","3.94","1.39M","1.09%"
"05/19/2020","4.10","4.10","4.15","4.10","81.64K","1.58%"
"05/18/2020","4.04","4.04","4.04","4.04","12.50K","-3.66%"
"05/17/2020","4.19","4.31","4.31","4.16","13.92K","-0.15%"
"05/14/2020","4.20","4.16","4.35","4.10","239.60K","-1.20%"
"05/13/2020","4.25","4.26","4.29","4.17","116.91K","-3.77%"
"05/12/2020","4.42","4.45","4.48","4.28","224.91K","2.22%"
"05/11/2020","4.32","4.33","4.42","4.19","4.43M","0.90%"
"05/10/2020","4.28","4.51","4.51","4.20","378.78K","-1.33%"
"05/07/2020","4.34","4.06","4.48","4.06","986.52K","5.61%"
"05/06/2020","4.11","4.00","4.21","4.00","210.69K","3.55%"
"05/05/2020","3.97","3.97","3.99","3.90","1.98M","0.32%"
"05/04/2020","3.96","3.97","3.99","3.88","120.39K","-2.52%"
"05/03/2020","4.06","4.24","4.25","3.88","381.91K","-2.61%"
"04/30/2020","4.17","4.10","4.32","4.06","2.58M","3.01%"
"04/29/2020","4.04","4.09","4.15","3.97","799.24K","4.81%"
"04/28/2020","3.86","3.83","4.06","3.83","790.16K","2.03%"
"04/27/2020","3.78","4.03","4.03","3.67","4.43M","-1.50%"
"04/26/2020","3.84","3.85","3.85","3.82","199.42K","0.17%"
"04/23/2020","3.83","3.84","3.95","3.78","291.34K","-0.17%"
"04/22/2020","3.84","3.96","3.97","3.83","1.83M","-3.23%"
"04/21/2020","3.97","4.15","4.15","3.94","77.03K","-4.76%"
"04/16/2020","4.17","4.29","4.29","4.10","181.09K","-2.11%"
"04/15/2020","4.26","4.28","4.29","4.12","118.90K","-1.34%"
"04/14/2020","4.31","4.41","4.41","4.19","28.37K","-0.15%"
"04/13/2020","4.32","4.41","4.41","4.17","126.48K","-0.59%"
"04/12/2020","4.35","4.28","4.35","4.28","28.44K","1.65%"
"04/09/2020","4.28","4.35","4.35","4.19","110.27K","2.93%"
"04/08/2020","4.15","4.10","4.28","4.10","148.55K","1.41%"
"04/07/2020","4.10","4.08","4.10","4.08","235.68K","4.92%"
"04/06/2020","3.90","3.87","3.91","3.84","516.80K","-3.94%"
"04/05/2020","4.06","4.10","4.10","3.84","21.88K","-0.78%"
"04/02/2020","4.10","4.46","4.47","4.00","5.00M","-7.11%"
"04/01/2020","4.41","4.41","4.41","4.40","25.08K","-0.14%"
"03/31/2020","4.42","4.47","4.48","4.34","320.90K","-1.15%"
"03/30/2020","4.47","4.47","4.48","4.45","10.11K","-0.29%"
"03/29/2020","4.48","4.48","4.49","4.37","187.14K","-3.05%"
"03/26/2020","4.62","4.90","4.90","4.35","124.53K","-1.90%"
"03/25/2020","4.71","4.93","4.93","4.26","60.38K","5.14%"
"03/24/2020","4.48","4.47","4.48","4.47","468.73K","-0.28%"
"03/23/2020","4.49","4.67","4.67","4.48","58.58K","-8.47%"
"03/22/2020","4.91","5.19","5.19","4.67","1.13M","-5.31%"
"03/19/2020","5.18","5.18","5.18","5.18","7.32K","-10.00%"
"03/15/2020","5.76","5.18","5.18","5.18","0.16K","0.00%"
"03/10/2020","5.76","5.76","5.76","5.75","325.02K","0.00%"
"03/09/2020","5.76","5.77","5.77","5.76","78.91K","-9.91%"
"03/04/2020","6.39","6.34","6.40","6.34","15.63K","0.91%"
"03/03/2020","6.34","6.34","6.34","6.34","662.50K","-2.46%"
"02/27/2020","6.50","5.77","6.72","5.76","301.01K","1.50%"
"02/25/2020","6.40","6.43","6.43","6.40","875.61K","-4.12%"
"02/24/2020","6.68","6.62","6.72","6.62","46.89K","-0.19%"
"02/20/2020","6.69","6.40","6.72","6.40","3.06M","4.81%"
"02/19/2020","6.38","6.39","6.40","6.22","5.31M","2.57%"
"02/18/2020","6.22","6.21","6.23","6.21","465.63K","0.21%"
"02/17/2020","6.21","6.21","6.21","6.21","3.33M","0.94%"
"02/16/2020","6.15","6.21","6.21","6.14","13.01K","-0.21%"
"02/13/2020","6.16","6.09","6.18","6.09","1.56M","0.21%"
"02/11/2020","6.15","6.14","6.15","6.14","390.63K","0.84%"
"02/09/2020","6.10","5.95","6.11","5.95","5.72K","-0.73%"
"02/06/2020","6.14","6.08","6.14","6.08","830.92K","1.05%"
"02/04/2020","6.08","6.08","6.08","6.08","923.44K","0.00%"
"02/03/2020","6.08","6.02","6.02","6.02","4.88K","0.00%"
"02/02/2020","6.08","6.08","6.08","6.08","8.80K","-0.84%"
"01/30/2020","6.13","6.40","6.43","6.08","181.97K","4.81%"
"01/29/2020","5.85","5.82","5.89","5.82","4.16M","0.00%"
"01/28/2020","5.85","5.95","5.95","5.82","1.88M","-5.77%"
"01/27/2020","6.21","6.21","6.21","6.21","15.63K","-0.82%"
"01/22/2020","6.26","6.27","6.27","5.98","93.22K","-0.10%"
"01/21/2020","6.27","6.25","6.27","6.25","79.69K","-9.69%"
"01/20/2020","6.94","6.25","6.53","6.25","1.88K","0.00%"
"01/19/2020","6.94","6.25","6.25","6.25","4.53K","0.00%"
"01/16/2020","6.94","6.25","6.25","6.25","0.39K","0.00%"
"01/13/2020","6.94","6.43","6.43","6.40","3.27K","0.00%"
"01/09/2020","6.94","6.40","6.40","6.40","3.75K","0.00%"
"01/02/2020","6.94","6.94","7.04","6.57","30.77K","0.74%"
"12/31/2019","6.89","6.78","7.04","6.40","1.73M","2.67%"
"12/30/2019","6.71","6.66","6.78","6.65","770.31K","2.24%"
"12/29/2019","6.56","6.59","6.66","6.41","251.33K","0.59%"
"12/26/2019","6.52","6.53","6.72","6.34","282.43K","1.60%"
"12/25/2019","6.42","6.40","6.59","6.39","289.85K","2.35%"
"12/24/2019","6.27","6.25","6.40","6.23","11.25K","0.31%"
"12/23/2019","6.25","6.39","6.39","6.03","39.06K","3.72%"
"12/22/2019","6.03","6.08","6.08","5.95","591.27K","-7.56%"
"12/19/2019","6.52","6.02","6.02","6.02","0.94K","0.00%"
"12/01/2019","6.52","6.71","6.71","6.34","0.59K","0.00%"
"11/28/2019","6.52","6.40","6.82","6.30","64.89K","1.90%"
"11/26/2019","6.40","6.27","6.27","6.27","0.33K","0.00%"
"11/25/2019","6.40","6.40","6.40","6.40","663.63K","1.01%"
"11/24/2019","6.34","6.34","6.34","6.34","41.80K","-5.98%"
"11/21/2019","6.74","6.78","6.85","6.40","23.95K","1.25%"
"11/20/2019","6.66","6.66","6.66","6.66","4.69K","0.00%"
"11/19/2019","6.66","6.66","6.66","6.40","1.25M","0.00%"
"11/18/2019","6.66","6.66","6.66","6.66","4.69K","0.00%"
"11/17/2019","6.66","6.66","6.66","6.66","6.25K","-0.86%"
"11/14/2019","6.71","6.72","6.72","6.66","253.13K","0.87%"
"11/13/2019","6.66","6.66","6.66","6.53","2.53M","0.00%"
"11/12/2019","6.66","6.66","6.66","6.66","289.06K","0.00%"
"11/11/2019","6.66","6.66","6.66","6.66","136.52K","-0.86%"
"11/07/2019","6.71","6.66","6.84","6.66","647.20K","0.87%"
"11/06/2019","6.66","6.66","6.72","6.59","586.95K","-0.29%"
"11/05/2019","6.68","6.71","6.72","6.66","815.49K","0.19%"
"11/04/2019","6.66","6.72","6.75","6.59","576.32K","-1.42%"
"11/03/2019","6.76","6.87","6.98","6.72","133.34K","1.44%"
"10/31/2019","6.66","6.84","6.85","6.65","875.14K","0.19%"
"10/30/2019","6.65","6.46","6.69","6.46","352.34K","2.87%"
"10/29/2019","6.46","6.46","6.46","6.46","1.44M","3.38%"
"10/28/2019","6.25","6.26","6.27","6.24","160.98K","-0.10%"
"10/24/2019","6.26","6.26","6.26","6.26","113.28K","0.10%"
"10/23/2019","6.25","6.39","6.39","6.25","177.83K","0.21%"
"10/21/2019","6.24","6.24","6.24","6.24","9.96K","-2.79%"
"10/20/2019","6.42","6.21","6.21","6.21","4.54K","0.00%"
"10/17/2019","6.42","6.34","6.46","6.34","287.73K","1.21%"
"10/16/2019","6.34","6.29","6.40","6.29","143.05K","1.43%"
"10/15/2019","6.25","6.21","6.27","6.21","16.74K","1.24%"
"10/13/2019","6.18","5.96","6.27","5.96","69.93K","0.00%"
"10/10/2019","6.18","6.11","6.29","6.11","64.69K","1.58%"
"10/09/2019","6.08","6.08","6.09","6.08","499.02K","0.00%"
"10/07/2019","6.08","6.09","6.11","6.08","578.08K","-0.11%"
"10/03/2019","6.09","6.05","6.27","6.05","203.44K","2.26%"
"10/02/2019","5.95","5.95","5.95","5.95","3.91K","0.00%"
"10/01/2019","5.95","5.89","5.96","5.89","7.73K","0.98%"
"09/30/2019","5.89","5.89","5.91","5.89","9.18K","0.00%"
"09/29/2019","5.89","5.88","5.92","5.86","6.76K","3.60%"
"09/26/2019","5.69","5.47","5.88","5.47","2.02M","-1.22%"
"09/25/2019","5.76","5.75","5.86","5.75","3.04M","2.74%"
"09/23/2019","5.61","5.76","5.98","5.38","182.85K","-0.23%"
"09/22/2019","5.62","5.57","5.76","5.35","98.08K","-2.44%"
"09/19/2019","5.76","5.76","5.76","5.72","991.68K","0.00%"
"09/18/2019","5.76","5.76","5.76","5.75","1.07M","0.00%"
"09/17/2019","5.76","5.76","6.01","5.66","53.59K","0.00%"
"09/16/2019","5.76","5.76","5.76","5.75","637.19K","0.00%"
"09/15/2019","5.76","5.76","5.76","5.75","179.69K","0.00%"
"09/12/2019","5.76","5.76","5.92","5.66","600.27K","0.00%"
"09/11/2019","5.76","5.76","5.76","5.75","288.65K","0.00%"
"09/10/2019","5.76","5.76","5.89","5.75","1.02M","0.00%"
"09/09/2019","5.76","5.76","5.76","5.75","731.72K","0.00%"
"09/08/2019","5.76","5.76","5.76","5.70","554.45K","1.47%"
"09/05/2019","5.68","5.73","5.77","5.54","282.82K","-1.66%"
"09/04/2019","5.77","5.88","6.08","5.70","2.06M","-6.63%"
"09/03/2019","6.18","6.09","6.09","6.09","0.78K","0.00%"
"09/02/2019","6.18","6.07","6.27","6.07","130.91K","1.90%"
"09/01/2019","6.07","6.08","6.09","6.02","25.47K","-7.42%"
"08/29/2019","6.55","6.52","6.85","5.99","815.98K","2.50%"
"08/27/2019","6.39","6.39","6.40","6.39","31.72K","0.10%"
"08/25/2019","6.39","6.40","6.40","6.24","2.77M","-0.20%"
"08/22/2019","6.40","6.40","6.40","6.39","1.45M","-0.30%"
"08/21/2019","6.42","6.46","6.46","6.34","147.95K","-2.62%"
"08/20/2019","6.59","6.59","6.60","6.50","797.34K","-1.90%"
"08/19/2019","6.72","6.91","6.91","6.72","46.88K","0.96%"
"08/15/2019","6.66","6.66","6.66","6.66","15.63K","-3.88%"
"08/14/2019","6.92","6.85","7.03","6.84","493.15K","1.12%"
"08/08/2019","6.85","6.85","6.85","6.84","656.25K","1.71%"
"08/07/2019","6.73","6.65","6.85","6.65","318.75K","1.15%"
"08/05/2019","6.66","6.66","6.66","6.66","2.35M","0.00%"
"08/04/2019","6.66","6.66","6.69","6.66","1.05M","0.39%"
"08/01/2019","6.63","6.62","6.70","6.62","862.96K","1.57%"
"07/31/2019","6.53","6.53","6.59","6.50","127.45K","0.10%"
"07/30/2019","6.52","6.52","6.53","6.46","238.48K","-0.10%"
"07/29/2019","6.53","6.53","6.53","6.40","1.59M","0.00%"
"07/28/2019","6.53","6.52","6.53","6.52","102.42K","0.00%"
"07/25/2019","6.53","6.65","6.65","6.53","154.77K","1.29%"
"07/24/2019","6.44","6.40","6.50","6.40","1.03M","0.60%"
"07/22/2019","6.41","6.66","6.72","6.22","404.44K","-2.82%"
"07/21/2019","6.59","6.49","6.66","6.49","6.65K","3.41%"
"07/18/2019","6.37","6.08","6.49","6.08","58.48K","4.84%"
"07/16/2019","6.08","6.34","6.34","6.08","733.89K","0.00%"
"07/15/2019","6.08","6.09","6.34","6.07","6.91M","0.74%"
"07/14/2019","6.04","6.02","6.05","6.02","70.60K","0.21%"
"07/11/2019","6.02","6.02","6.08","6.02","905.72K","1.40%"
"07/10/2019","5.94","5.93","6.00","5.93","65.32K","0.32%"
"07/09/2019","5.92","5.98","6.04","5.84","125.06K","0.00%"
"07/08/2019","5.92","5.77","5.77","5.77","3.97K","0.00%"
"07/07/2019","5.92","5.92","5.92","5.92","403.13K","1.09%"
"07/04/2019","5.86","5.86","5.98","5.86","23.59K","0.00%"
"07/03/2019","5.86","5.98","5.98","5.81","1.00M","-0.65%"
"07/02/2019","5.89","5.98","5.98","5.76","122.14K","-3.56%"
"06/27/2019","6.11","5.85","6.14","5.77","1.03M","6.11%"
"06/26/2019","5.76","5.76","5.76","5.76","150.92K","0.00%"
"06/25/2019","5.76","5.76","5.76","5.75","390.63K","0.33%"
"06/24/2019","5.74","5.39","5.87","5.38","283.27K","-21.57%"
"06/18/2019","7.32","7.20","7.34","7.20","62.50K","-0.22%"
"06/16/2019","7.34","6.85","7.20","6.85","2.54K","0.00%"
"06/12/2019","7.33","7.04","7.04","7.04","1.56K","0.00%"
"06/11/2019","7.33","7.24","7.35","7.23","3.95K","0.00%"
"06/10/2019","7.33","7.42","7.42","7.23","169.88K","0.53%"
"06/09/2019","7.30","7.30","7.30","7.30","42.97K","1.33%"
"06/03/2019","7.20","7.20","7.20","7.19","109.38K","0.36%"
"06/02/2019","7.17","7.03","7.20","7.03","140.63K","1.91%"
"05/30/2019","7.04","7.04","7.04","7.04","109.38K","0.18%"
"05/29/2019","7.03","7.04","7.04","6.91","153.13K","1.29%"
"05/28/2019","6.94","6.85","7.04","6.69","266.95K","1.31%"
"05/27/2019","6.85","6.85","6.85","6.73","249.85K","-2.73%"
"05/26/2019","7.04","6.85","6.85","6.85","3.51K","0.00%"
"05/23/2019","7.04","7.04","7.04","7.04","251.56K","0.00%"
"05/22/2019","7.04","7.04","7.04","7.04","4.82K","0.00%"
"05/21/2019","7.04","7.04","7.04","6.85","610.36K","-3.34%"
"05/20/2019","7.28","7.30","7.31","7.04","796.39K","-1.22%"
"05/19/2019","7.37","7.31","7.42","7.31","9.38K","-2.95%"
"05/16/2019","7.60","7.62","7.62","7.36","410.18K","-0.50%"
"05/15/2019","7.64","7.36","7.65","7.36","359.13K","-0.50%"
"05/14/2019","7.67","6.98","6.98","6.98","2.49K","0.00%"
"05/09/2019","7.67","7.68","7.68","7.42","221.95K","6.67%"
"05/08/2019","7.19","7.23","7.23","7.19","15.72K","-9.94%"
"05/05/2019","7.99","7.93","7.99","7.93","1.48M","-0.08%"
"05/02/2019","7.99","8.00","8.00","7.84","41.41K","1.88%"
"04/30/2019","7.85","7.65","8.00","7.51","147.66K","1.24%"
"04/24/2019","7.75","7.79","7.83","7.62","94.00K","2.54%"
"04/23/2019","7.56","7.49","7.79","7.04","48.14K","0.85%"
"04/18/2019","7.49","7.49","7.62","7.49","809.07K","0.09%"
"04/16/2019","7.49","7.74","7.74","7.36","1.87M","-0.93%"
"04/15/2019","7.56","7.62","7.62","7.56","78.13K","-2.72%"
"04/14/2019","7.77","7.80","7.80","7.74","7.66K","-0.16%"
"04/11/2019","7.78","7.81","7.84","7.68","31.25K","-0.33%"
"04/10/2019","7.81","7.80","7.81","7.80","10.94K","1.84%"
"04/09/2019","7.67","7.68","7.68","7.42","101.61K","-0.25%"
"04/08/2019","7.69","7.84","7.84","7.67","2.56M","-1.96%"
"04/07/2019","7.84","7.87","7.87","7.74","11.41K","-1.13%"
"04/04/2019","7.93","7.94","7.99","7.92","102.98K","1.64%"
"04/03/2019","7.80","7.65","7.81","7.63","294.40K","3.31%"
"04/02/2019","7.55","7.55","7.55","7.36","499.36K","-0.59%"
"03/26/2019","7.60","7.52","7.52","7.52","4.69K","0.00%"
"03/24/2019","7.60","7.60","7.60","7.60","40.31K","0.08%"
"03/21/2019","7.59","7.55","7.68","7.23","208.79K","1.37%"
"03/20/2019","7.49","7.49","7.55","7.42","1.30M","3.54%"
"03/19/2019","7.23","7.28","7.28","7.23","59.33K","-4.48%"
"03/17/2019","7.57","7.44","7.68","7.27","10.04K","0.00%"
"03/14/2019","7.57","7.36","7.68","7.24","166.13K","1.02%"
"03/13/2019","7.49","7.17","7.66","7.17","724.28K","6.45%"
"03/12/2019","7.04","7.04","7.33","7.04","552.77K","0.18%"
"03/11/2019","7.03","6.86","7.23","6.85","246.80K","-2.31%"
"03/10/2019","7.19","7.23","7.23","6.94","1.76K","0.00%"
"03/07/2019","7.19","7.08","7.68","7.08","85.05K","3.02%"
"03/06/2019","6.98","7.10","7.10","6.73","341.07K","-0.55%"
"03/05/2019","7.02","6.78","7.04","6.78","291.48K","0.55%"
"03/04/2019","6.98","6.94","6.94","6.57","10.45K","0.00%"
"03/03/2019","6.98","7.04","7.04","6.94","1.38K","0.00%"
"02/28/2019","6.98","7.08","7.08","6.85","47.84K","-0.82%"
"02/27/2019","7.04","6.98","7.26","6.85","232.86K","1.95%"
"02/26/2019","6.91","6.73","6.95","6.66","359.94K","-0.28%"
"02/25/2019","6.92","6.91","6.91","6.73","1.12K","0.00%"
"02/21/2019","6.92","6.53","7.04","6.53","246.91K","5.25%"
"02/20/2019","6.58","6.58","6.72","6.58","17.50M","0.00%"
"02/19/2019","6.58","6.72","6.72","6.46","61.63K","-2.10%"
"02/18/2019","6.72","6.73","6.91","6.59","5.30M","-1.50%"
"02/17/2019","6.82","6.91","6.91","6.63","50.48K","0.66%"
"02/14/2019","6.78","6.51","6.87","6.51","43.13K","3.72%"
"02/13/2019","6.53","6.47","6.55","6.47","26.02K","-2.76%"
"02/12/2019","6.72","6.90","6.90","6.64","3.91K","0.00%"
"02/11/2019","6.72","6.91","6.91","6.63","83.66K","-1.96%"
"02/07/2019","6.85","6.72","6.94","6.72","91.41K","-1.20%"
"02/06/2019","6.94","6.92","6.94","6.92","117.19K","0.18%"
"02/05/2019","6.92","6.72","7.01","6.72","80.28K","3.44%"
"02/04/2019","6.69","7.03","7.03","6.57","16.49K","-1.04%"
"02/03/2019","6.76","6.76","6.78","6.75","68.13K","-2.04%"
"01/31/2019","6.91","6.75","6.98","6.72","529.71K","1.31%"
"01/30/2019","6.82","7.10","7.10","6.59","462.54K","-0.37%"
"01/29/2019","6.84","6.75","6.98","6.75","85.84K","-3.17%"
"01/28/2019","7.07","6.98","7.17","6.77","147.84K","3.27%"
"01/27/2019","6.84","6.40","6.91","6.40","1.79M","8.86%"
"01/23/2019","6.28","6.62","6.62","6.14","309.03K","3.81%"
"01/22/2019","6.05","5.70","6.09","5.70","697.55K","9.36%"
"01/21/2019","5.54","5.44","5.60","5.44","94.50K","4.85%"
"01/20/2019","5.28","5.22","5.29","5.22","1.50M","1.85%"
"01/17/2019","5.18","5.20","5.21","5.18","1.21M","0.00%"
"01/16/2019","5.18","5.18","5.20","5.18","66.21K","-1.82%"
"01/15/2019","5.28","5.16","5.16","5.16","0.39K","0.00%"
"01/14/2019","5.28","5.28","5.28","5.28","1.57M","-2.94%"
"01/10/2019","5.44","5.54","5.54","5.44","933.20K","-0.12%"
"01/09/2019","5.45","5.41","5.41","5.31","9.77K","0.00%"
"01/08/2019","5.45","5.47","5.47","5.41","38.02K","-1.16%"
"01/06/2019","5.51","5.53","5.53","5.49","23.69K","-1.94%"
"01/03/2019","5.62","5.48","5.52","5.48","2.73K","0.00%"
"01/02/2019","5.62","5.66","5.66","5.48","11.15K","0.46%"
"12/31/2018","5.59","5.75","5.76","5.44","86.03M","-1.02%"
"12/30/2018","5.65","5.59","5.70","5.59","142.26K","0.91%"
"12/27/2018","5.60","5.60","5.60","5.60","188.61K","0.00%"
"12/26/2018","5.60","5.36","5.36","5.36","1.56K","0.00%"
"12/25/2018","5.60","5.49","5.49","5.49","1.09K","0.00%"
"12/24/2018","5.60","5.41","5.41","5.41","1.56K","0.00%"
"12/20/2018","5.60","5.61","5.63","5.57","83.28K","3.06%"
"12/19/2018","5.43","5.45","5.45","5.41","10.16K","-1.39%"
"12/18/2018","5.51","5.70","5.70","5.45","709.53K","0.35%"
"12/17/2018","5.49","5.51","5.54","5.48","24.89K","-0.35%"
"12/16/2018","5.51","5.75","5.75","5.50","3.75K","0.00%"
"12/13/2018","5.51","5.88","5.88","5.44","4.07M","-4.33%"
"12/12/2018","5.76","5.76","5.76","5.75","75.59K","-1.75%"
"12/11/2018","5.86","5.76","5.95","5.57","125.05K","1.10%"
"12/10/2018","5.80","5.79","5.79","5.79","2.84K","0.00%"
"12/09/2018","5.80","5.75","5.75","5.50","5.21K","0.00%"
"12/06/2018","5.80","5.92","5.95","5.63","70.31K","-0.44%"
"12/05/2018","5.82","5.76","5.89","5.76","63.70K","2.02%"
"12/04/2018","5.71","5.76","5.76","5.50","56.80K","-1.65%"
"12/03/2018","5.80","5.92","5.95","5.76","69.92K","0.33%"
"12/02/2018","5.79","5.82","5.86","5.75","123.13K","0.33%"
"11/29/2018","5.77","5.79","5.86","5.55","214.95K","0.45%"
"11/28/2018","5.74","5.68","5.80","5.68","276.95K","3.58%"
"11/27/2018","5.54","5.43","5.70","5.43","211.27K","1.88%"
"11/26/2018","5.44","5.44","5.44","5.36","1.01M","-0.70%"
"11/25/2018","5.48","5.38","5.57","5.32","194.08K","-2.39%"
"11/22/2018","5.61","5.76","5.76","5.44","196.59K","-0.79%"
"11/21/2018","5.66","5.72","5.76","5.44","160.67K","-0.34%"
"11/19/2018","5.68","5.74","5.75","5.38","272.33K","1.49%"
"11/18/2018","5.59","5.38","5.75","5.38","197.48K","2.82%"
"11/15/2018","5.44","5.50","5.50","5.19","655.89K","-0.12%"
"11/14/2018","5.45","5.50","5.50","5.38","383.53K","-0.58%"
"11/13/2018","5.48","5.57","5.57","5.31","126.67K","-0.93%"
"11/12/2018","5.53","5.54","5.54","5.45","65.64M","-0.46%"
"11/11/2018","5.56","5.53","5.58","5.50","246.27K","0.46%"
"11/08/2018","5.53","5.47","5.60","5.44","320.08K","1.65%"
"11/07/2018","5.44","5.44","5.54","5.44","214.35K","-0.12%"
"11/06/2018","5.45","5.44","5.50","5.38","1.30M","3.03%"
"11/05/2018","5.29","5.44","5.47","5.28","1.32M","-3.05%"
"11/04/2018","5.45","5.29","5.29","5.29","3.61K","0.00%"
"11/01/2018","5.45","5.29","5.76","5.12","1.48M","-1.50%"
"10/31/2018","5.54","5.13","5.63","5.12","45.22K","7.72%"
"10/30/2018","5.14","5.02","5.31","5.02","8.98K","-0.50%"
"10/29/2018","5.16","5.00","5.00","5.00","0.48K","0.00%"
"10/28/2018","5.16","4.99","5.38","4.99","1.78K","0.00%"
"10/25/2018","5.16","4.93","5.38","4.93","1.92M","-0.37%"
"10/24/2018","5.18","5.11","5.19","5.11","361.29K","0.50%"
"10/23/2018","5.16","5.28","5.43","5.12","10.94K","0.75%"
"10/22/2018","5.12","5.12","5.15","4.93","6.64M","2.56%"
"10/18/2018","4.99","5.12","5.12","4.94","187.23K","-2.01%"
"10/17/2018","5.09","4.83","5.34","4.83","161.75K","4.60%"
"10/16/2018","4.87","4.93","5.12","4.61","178.34K","-1.93%"
"10/15/2018","4.97","4.99","5.11","4.68","34.80K","3.33%"
"10/11/2018","4.81","5.19","5.19","4.54","247.06K","-3.35%"
"10/10/2018","4.97","4.80","5.38","4.61","91.43K","-1.27%"
"10/09/2018","5.04","5.37","5.37","4.90","6.51K","-7.41%"
"10/08/2018","5.44","5.43","5.44","5.12","1.33K","0.00%"
"10/04/2018","5.44","5.69","5.69","5.44","15.66K","0.00%"
"10/03/2018","5.44","5.44","5.44","5.13","623.48K","1.55%"
"10/02/2018","5.36","5.41","5.60","5.41","1.96K","0.00%"
"09/30/2018","5.36","5.76","5.76","5.20","31.10K","-2.67%"
"09/27/2018","5.50","5.66","5.73","5.36","7.03K","0.00%"
"09/26/2018","5.50","5.47","5.73","5.25","60.41K","1.18%"
"09/25/2018","5.44","5.25","5.25","5.25","0.56K","0.00%"
"09/24/2018","5.44","5.25","5.45","5.25","668.20K","0.35%"
"09/23/2018","5.42","5.26","5.44","5.26","104.26K","1.68%"
"09/20/2018","5.33","5.52","5.63","5.15","291.10K","4.13%"
"09/19/2018","5.12","4.96","5.55","4.96","920.76K","1.14%"
"09/18/2018","5.06","5.11","5.12","4.96","16.66K","-0.13%"
"09/17/2018","5.07","4.85","5.12","4.80","52.48K","2.59%"
"09/16/2018","4.94","4.69","4.69","4.69","0.85K","0.00%"
"09/13/2018","4.94","4.93","4.97","4.93","37.10K","-3.74%"
"09/12/2018","5.13","5.44","5.44","4.97","27.80K","-6.74%"
"09/10/2018","5.50","5.50","5.50","5.50","871.51K","-4.34%"
"09/09/2018","5.75","5.54","5.76","5.54","16.30K","2.86%"
"09/06/2018","5.59","5.76","5.76","5.50","9.53K","-2.89%"
"09/05/2018","5.76","5.84","5.84","5.76","3.02M","-3.23%"
"09/04/2018","5.95","5.95","5.95","5.92","434.20K","-1.90%"
"09/03/2018","6.07","5.92","5.92","5.92","3.13K","0.00%"
"09/02/2018","6.07","6.02","6.08","5.91","86.83K","0.42%"
"08/30/2018","6.04","6.08","6.27","5.91","1.22M","-0.63%"
"08/29/2018","6.08","6.08","6.09","6.08","1.55M","-2.66%"
"08/28/2018","6.25","5.85","5.85","5.82","2.73K","0.00%"
"08/27/2018","6.25","5.89","6.25","5.89","7.11K","-0.51%"
"08/26/2018","6.28","5.88","5.88","5.88","0.00K","0.00%"
"08/19/2018","6.28","6.09","6.40","5.82","187.96K","-1.90%"
"08/16/2018","6.40","6.40","6.40","6.40","401.56K","0.00%"
"08/15/2018","6.40","6.40","6.69","6.40","492.87K","1.32%"
"08/14/2018","6.32","6.41","6.41","6.14","607.96K","-1.30%"
"08/13/2018","6.40","6.41","6.41","6.40","172.30K","-2.06%"
"08/12/2018","6.53","6.56","6.56","6.40","5.02K","0.00%"
"08/09/2018","6.53","6.66","6.66","6.40","441.47K","-1.92%"
"08/08/2018","6.66","6.53","6.85","6.49","2.82M","-0.86%"
"08/07/2018","6.72","6.69","6.78","6.68","24.49K","2.84%"
"08/06/2018","6.53","6.40","6.56","6.34","39.45K","1.29%"
"08/05/2018","6.45","6.55","6.56","6.41","26.41K","-3.82%"
"08/02/2018","6.71","6.87","7.04","6.40","642.06K","1.24%"
"08/01/2018","6.63","6.66","6.66","6.49","23.54K","2.13%"
"07/31/2018","6.49","6.86","6.86","6.45","1.99M","-2.39%"
"07/30/2018","6.65","6.40","6.73","6.40","246.05K","4.17%"
"07/29/2018","6.38","6.40","6.41","6.24","24.37K","1.22%"
"07/26/2018","6.30","7.16","7.16","6.14","636.99K","-3.30%"
"07/25/2018","6.52","6.31","6.66","6.30","31.25K","-2.08%"
"07/24/2018","6.66","6.66","6.66","6.66","280.77K","-0.15%"
"07/22/2018","6.67","6.65","6.65","6.32","5.08K","0.00%"
"07/19/2018","6.67","6.66","6.86","6.66","7.04K","-3.56%"
"07/18/2018","6.91","6.90","6.91","6.90","224.61K","0.00%"
"07/17/2018","6.91","6.91","6.91","6.91","1.19M","-0.44%"
"07/15/2018","6.94","7.12","7.12","6.86","63.55K","-3.00%"
"07/12/2018","7.16","6.86","7.42","6.86","67.79K","0.36%"
"07/11/2018","7.13","7.05","7.30","6.87","16.91K","-0.36%"
"07/10/2018","7.16","7.17","7.17","7.01","1.12M","-2.92%"
"07/09/2018","7.37","6.89","6.89","6.89","1.95K","0.00%"
"07/08/2018","7.37","7.17","7.17","7.17","1.95K","-20.00%"
"07/05/2018","9.22","8.51","9.38","8.48","9.05K","-0.28%"
"07/04/2018","9.24","9.28","9.29","8.98","404.77K","-3.67%"
"07/03/2018","9.59","9.54","9.60","9.54","206.25K","0.14%"
"07/02/2018","9.58","9.58","9.58","9.58","13.00K","0.67%"
"06/28/2018","9.52","9.59","9.60","8.97","57.39K","-0.67%"
"06/27/2018","9.58","9.60","9.61","9.35","94.06K","-3.60%"
"06/26/2018","9.94","10.21","10.24","9.68","459.98K","-2.64%"
"06/25/2018","10.21","10.22","10.24","9.76","615.62K","0.19%"
"06/24/2018","10.19","9.83","10.24","9.76","50.91K","-1.73%"
"06/21/2018","10.37","10.24","10.24","9.76","0.78K","0.00%"
"06/19/2018","10.37","10.40","10.82","10.13","189.45K","-0.18%"
"06/14/2018","10.39","10.87","11.14","10.23","451.48K","-3.22%"
"06/13/2018","10.73","10.64","10.88","10.56","106.88K","0.90%"
"06/12/2018","10.64","10.47","10.66","10.47","6.64K","-4.48%"
"06/10/2018","11.14","11.13","11.14","11.13","7.81K","1.51%"
"06/07/2018","10.97","10.72","11.20","10.72","74.13K","0.00%"
"06/06/2018","10.97","11.07","11.07","10.43","47.65K","-0.05%"
"06/05/2018","10.98","11.03","11.04","10.87","39.03K","0.59%"
"05/31/2018","10.91","10.86","11.10","10.86","93.75K","0.35%"
"05/30/2018","10.87","10.88","10.88","10.87","3.03M","-0.64%"
"05/29/2018","10.94","10.94","10.94","10.58","3.81M","-0.05%"
"05/28/2018","10.95","10.28","10.98","10.28","17.17K","0.94%"
"05/27/2018","10.85","10.75","10.88","10.56","5.00M","-0.29%"
"05/24/2018","10.88","10.88","10.88","10.88","10.75K","-1.57%"
"05/23/2018","11.05","10.89","11.17","10.88","66.41K","-0.41%"
"05/22/2018","11.10","11.10","11.19","10.74","1.67M","0.00%"
"05/21/2018","11.10","11.03","11.20","10.87","30.47K","2.00%"
"05/20/2018","10.88","10.88","10.88","10.88","151.75K","0.00%"
"05/17/2018","10.88","10.57","10.88","10.57","227.63K","0.00%"
"05/16/2018","10.88","10.82","10.89","10.58","70.53K","0.77%"
"05/15/2018","10.80","10.88","11.19","10.62","45.17K","-0.18%"
"05/14/2018","10.82","11.50","11.50","10.82","2.79M","-5.01%"
"05/13/2018","11.39","11.39","11.39","11.33","1.72M","0.06%"
"05/10/2018","11.38","10.91","11.39","10.90","2.24M","-0.11%"
"05/09/2018","11.39","11.39","11.39","11.01","2.17M","-0.95%"
"05/08/2018","11.50","11.39","11.52","11.01","359.71K","3.33%"
"05/07/2018","11.13","10.57","11.14","10.57","189.06K","-0.11%"
"05/06/2018","11.14","11.19","11.20","11.01","228.28K","-0.18%"
"05/03/2018","11.16","10.96","11.37","10.73","104.94K","-1.52%"
"05/02/2018","11.33","11.34","11.52","10.90","176.42K","1.43%"
"04/30/2018","11.17","11.15","11.23","10.88","107.03K","3.49%"
"04/29/2018","10.80","10.87","11.01","10.59","1.32M","0.60%"
"04/26/2018","10.73","10.56","10.80","10.41","1.66M","1.76%"
"04/24/2018","10.55","10.43","10.56","10.43","397.04K","0.06%"
"04/23/2018","10.54","10.56","10.56","10.27","2.43M","0.43%"
"04/22/2018","10.50","10.46","10.56","10.38","2.41M","0.00%"
"04/19/2018","10.50","10.55","10.56","10.40","559.44K","2.18%"
"04/18/2018","10.27","9.94","10.56","9.93","533.40K","-34.57%"
"04/17/2018","15.70","15.80","15.90","15.55","32.45K","59.72%"
"04/16/2018","9.83","10.02","10.17","9.73","113.97K","-3.70%"
"04/15/2018","10.21","10.27","10.40","9.98","74.48K","-0.37%"
"04/12/2018","10.25","10.43","10.43","10.23","89.42K","-2.03%"
"04/11/2018","10.46","10.34","10.72","10.27","67.45K","-0.18%"
"04/10/2018","10.48","10.56","10.71","10.27","15.08K","-1.56%"
"04/05/2018","10.64","10.40","10.72","10.23","346.55K","-0.66%"
"04/04/2018","10.71","10.72","10.82","10.24","7.52M","1.71%"
"04/03/2018","10.53","10.56","10.57","10.38","46.50K","-0.30%"
"04/02/2018","10.57","10.85","10.85","10.28","454.31K","-2.94%"
"04/01/2018","10.89","11.20","11.20","10.83","537.73K","-2.80%"
"03/29/2018","11.20","11.59","11.59","10.72","803.96K","-5.36%"
"03/28/2018","11.83","11.71","11.93","11.55","119.12K","-0.05%"
"03/27/2018","11.84","11.96","11.97","11.78","1.45M","-0.05%"
"03/26/2018","11.85","11.84","11.97","11.83","260.64K","1.31%"
"03/25/2018","11.69","11.78","11.84","11.52","571.84K","-1.82%"
"03/22/2018","11.91","11.78","12.03","11.73","466.97K","-0.53%"
"03/21/2018","11.97","11.73","12.03","11.73","981.43K","1.46%"
"03/20/2018","11.80","11.73","11.94","11.71","837.02K","-1.23%"
"03/19/2018","11.95","11.97","12.16","11.78","1.08M","0.22%"
"03/18/2018","11.92","11.91","12.22","11.84","3.93M","3.50%"
"03/15/2018","11.52","11.51","11.67","11.31","1.05M","0.11%"
"03/14/2018","11.51","11.52","11.52","11.14","42.80K","0.00%"
"03/13/2018","11.51","11.62","11.62","11.30","366.19K","-1.21%"
"03/12/2018","11.65","11.33","11.97","11.33","2.21M","1.84%"
"03/11/2018","11.44","11.36","11.52","11.14","374.05K","0.00%"
"03/08/2018","11.44","11.53","11.53","11.33","704.68K","-2.46%"
"03/07/2018","11.73","11.52","11.90","11.30","1.58M","2.69%"
"03/06/2018","11.42","10.88","11.62","10.88","555.31K","6.01%"
"03/05/2018","10.77","10.53","10.92","10.50","157.57K","1.87%"
"03/04/2018","10.57","10.87","10.88","10.47","124.45K","-2.07%"
"03/01/2018","10.80","10.53","10.89","10.49","92.47K","-0.23%"
"02/28/2018","10.82","10.88","11.15","10.78","131.23K","-0.88%"
"02/27/2018","10.92","11.17","11.18","10.87","74.97K","-2.91%"
"02/26/2018","11.24","11.20","11.58","10.96","955.25K","2.39%"
"02/25/2018","10.98","10.88","11.14","10.88","173.53K","2.93%"
"02/22/2018","10.67","10.51","11.00","10.45","136.67K","0.18%"
"02/21/2018","10.65","10.40","11.01","10.27","455.59K","1.90%"
"02/20/2018","10.45","10.88","11.01","10.24","1.08M","-4.90%"
"02/19/2018","10.99","11.28","11.44","10.69","374.28K","-2.77%"
"02/18/2018","11.30","11.74","11.76","11.01","85.05K","-1.94%"
"02/15/2018","11.53","11.10","11.84","11.05","385.63K","2.56%"
"02/14/2018","11.24","11.20","11.51","11.20","44.87K","-1.95%"
"02/13/2018","11.46","11.52","11.53","10.89","234.65K","-2.35%"
"02/12/2018","11.74","11.70","11.84","11.39","4.70M","2.06%"
"02/11/2018","11.50","11.51","11.60","11.09","1.60M","0.84%"
"02/08/2018","11.40","10.68","11.60","10.68","6.31M","6.84%"
"02/07/2018","10.68","10.54","10.68","10.53","720.30K","9.88%"
"02/06/2018","9.72","9.77","10.11","9.60","113.87K","-2.57%"
"02/05/2018","9.97","9.92","10.16","9.92","109.25K","1.56%"
"02/04/2018","9.82","10.11","10.11","9.64","32.34K","-4.12%"
"02/01/2018","10.24","10.25","10.26","10.24","691.33K","0.00%"
"01/31/2018","10.24","10.25","10.25","10.08","463.69K","-0.37%"
"01/30/2018","10.28","10.34","10.43","10.08","2.52M","-0.56%"
"01/29/2018","10.34","10.30","10.72","10.24","4.83M","4.39%"
"01/28/2018","9.90","9.59","10.24","9.59","3.30M","4.46%"
"01/24/2018","9.48","9.04","9.81","8.96","2.91M","6.23%"
"01/23/2018","8.92","8.47","9.15","8.47","1.69M","7.24%"
"01/22/2018","8.32","8.22","8.45","8.22","431.34K","2.44%"
"01/21/2018","8.12","8.08","8.15","8.00","1.07M","-0.23%"
"01/18/2018","8.14","8.10","8.19","8.03","956.87K","0.72%"
"01/17/2018","8.08","8.05","8.19","7.97","563.95K","0.24%"
"01/16/2018","8.06","8.38","8.38","7.91","1.18M","-0.55%"
"01/15/2018","8.11","8.29","8.29","8.04","325.12K","-2.23%"
"01/14/2018","8.29","8.36","8.36","8.26","61.12K","0.39%"
"01/11/2018","8.26","8.19","8.64","8.19","995.10K","2.05%"
"01/10/2018","8.10","8.32","8.32","8.06","579.19K","-1.40%"
"01/09/2018","8.21","8.33","8.33","8.13","213.28K","-1.46%"
"01/08/2018","8.33","8.15","8.64","8.06","236.88K","2.28%"
"01/04/2018","8.15","8.15","8.16","8.14","15.16K","-0.32%"
"01/03/2018","8.17","8.19","8.19","8.13","21.25K","-1.01%"
"01/02/2018","8.26","8.35","8.35","8.23","113.14K","-5.98%"
"12/31/2017","8.78","8.83","8.90","8.38","34.39K","2.32%"
"12/28/2017","8.58","8.45","8.64","8.32","109.14K","0.98%"
"12/27/2017","8.50","8.32","8.64","8.32","159.40K","2.08%"
"12/26/2017","8.33","8.44","8.47","8.05","169.29K","-0.24%"
"12/25/2017","8.35","8.32","8.47","8.32","66.09K","1.56%"
"12/24/2017","8.22","7.70","8.32","7.70","187.92K","4.82%"
"12/21/2017","7.84","7.99","8.31","7.68","577.00K","-6.20%"
"12/20/2017","8.36","8.61","8.61","8.13","65.79K","-2.54%"
"12/19/2017","8.58","8.36","8.79","8.32","359.60K","-2.12%"
"12/18/2017","8.76","8.35","8.94","8.35","512.15K","-1.30%"
"12/17/2017","8.88","8.77","9.11","8.70","472.79K","4.76%"
"12/14/2017","8.47","8.48","8.63","8.29","1.62M","7.91%"
"12/13/2017","7.85","7.55","8.26","7.55","3.85M","4.61%"
"12/12/2017","7.51","7.61","7.61","7.42","435.05K","-1.09%"
"12/11/2017","7.59","7.49","7.62","7.46","70.61K","1.88%"
"12/10/2017","7.45","7.48","7.49","7.42","65.59K","1.04%"
"12/07/2017","7.37","7.21","7.49","7.21","132.89K","-1.11%"
"12/06/2017","7.46","7.55","7.55","7.30","672.27K","-0.77%"
"12/05/2017","7.51","7.55","7.58","7.36","435.58K","0.27%"
"12/04/2017","7.49","7.66","7.66","7.42","50.42K","-1.68%"
"12/03/2017","7.62","7.68","7.68","7.42","40.70K","-1.65%"
"11/29/2017","7.75","7.80","7.87","7.55","1.03M","0.91%"
"11/28/2017","7.68","7.78","7.81","7.50","185.78K","0.00%"
"11/27/2017","7.68","7.46","7.81","7.42","1.41M","3.45%"
"11/26/2017","7.42","7.46","7.46","7.42","22.66K","0.18%"
"11/23/2017","7.41","7.41","7.55","7.17","821.21K","0.00%"
"11/22/2017","7.41","7.48","7.49","7.36","89.06K","-0.18%"
"11/21/2017","7.42","7.41","7.48","7.24","249.00K","1.75%"
"11/20/2017","7.30","7.32","7.42","7.17","1.56M","-0.95%"
"11/19/2017","7.37","7.30","7.42","7.17","511.56K","-0.78%"
"11/16/2017","7.42","7.32","7.49","7.19","450.73K","-1.53%"
"11/15/2017","7.54","7.55","7.68","7.31","310.70K","2.25%"
"11/14/2017","7.37","7.53","7.53","7.36","138.05K","-0.61%"
"11/13/2017","7.42","7.39","7.49","7.39","106.00K","-0.26%"
"11/12/2017","7.44","7.67","7.67","7.36","270.86K","0.26%"
"11/09/2017","7.42","7.42","7.43","7.30","925.05K","-0.16%"
"11/08/2017","7.43","7.23","7.55","7.23","298.20K","1.66%"
"11/07/2017","7.31","7.24","7.42","7.23","74.13K","-2.05%"
"11/06/2017","7.46","7.39","7.68","7.30","371.64K","-0.27%"
"11/05/2017","7.48","7.56","7.59","7.36","258.14K","-2.41%"
"11/02/2017","7.67","7.58","7.94","7.55","246.34K","-0.09%"
"11/01/2017","7.67","7.68","7.81","7.49","4.95M","-2.12%"
"10/31/2017","7.84","8.26","8.26","7.55","3.86M","4.17%"
"10/30/2017","7.53","7.17","7.85","7.17","1.12M","5.47%"
"10/29/2017","7.14","7.17","7.17","7.06","842.33K","-0.45%"
"10/26/2017","7.17","7.09","7.28","7.09","344.30K","0.82%"
"10/25/2017","7.11","7.17","7.17","7.10","90.39K","-1.69%"
"10/24/2017","7.23","7.19","7.30","7.17","1.84M","-0.88%"
"10/23/2017","7.30","7.30","7.35","7.18","546.31K","0.62%"
"10/22/2017","7.25","7.36","7.44","7.14","346.27K","-1.31%"
"10/19/2017","7.35","7.23","7.48","7.20","2.52M","2.41%"
"10/18/2017","7.17","7.26","7.26","7.09","584.93K","0.00%"
"10/17/2017","7.17","7.33","7.35","7.04","460.02K","-0.10%"
"10/16/2017","7.18","7.52","7.52","6.98","1.71M","-3.19%"
"10/15/2017","7.42","7.36","7.52","7.36","2.33M","0.61%"
"10/12/2017","7.37","7.23","7.52","7.20","1.85M","3.05%"
"10/11/2017","7.16","7.30","7.30","7.05","600.98K","-3.21%"
"10/10/2017","7.39","7.49","7.61","7.05","1.04M","-1.03%"
"10/09/2017","7.47","7.33","7.67","7.27","5.83M","3.74%"
"10/08/2017","7.20","7.10","7.42","7.10","5.50M","1.35%"
"10/04/2017","7.10","7.31","7.31","6.85","1.56M","6.83%"
"10/03/2017","6.65","6.39","6.96","6.32","4.10M","5.06%"
"10/02/2017","6.33","6.40","6.40","6.11","1.65M","-0.69%"
"10/01/2017","6.37","6.40","6.53","6.21","495.08K","-0.61%"
"09/28/2017","6.41","6.27","6.59","6.24","1.94M","0.91%"
"09/27/2017","6.36","6.58","6.58","6.18","171.97K","6.20%"
"09/26/2017","5.98","5.91","6.37","5.77","4.17M","3.21%"
"09/25/2017","5.80","6.08","6.08","5.76","965.38K","0.21%"
"09/24/2017","5.79","5.76","6.07","5.76","528.00K","0.12%"
"09/20/2017","5.78","5.76","5.89","5.57","1.64M","-1.95%"
"09/19/2017","5.89","5.54","6.09","5.54","1.85M","6.35%"
"09/18/2017","5.54","5.60","5.76","5.38","129.18K","-0.23%"
"09/17/2017","5.55","5.15","5.56","5.15","693.37K","9.87%"
"09/14/2017","5.06","5.09","5.36","4.97","3.45M","2.87%"
"09/13/2017","4.91","4.83","5.11","4.80","1.80M","2.40%"
"09/12/2017","4.80","4.80","4.83","4.77","914.75K","-0.39%"
"09/11/2017","4.82","4.80","4.84","4.80","331.60K","0.40%"
"09/10/2017","4.80","4.80","4.84","4.80","214.28K","-0.12%"
"09/07/2017","4.81","4.83","4.83","4.80","2.57M","0.13%"
"09/06/2017","4.80","4.81","4.81","4.80","30.63K","0.00%"
"09/05/2017","4.80","4.81","4.86","4.80","48.27K","-0.39%"
"08/30/2017","4.82","4.80","4.93","4.80","115.05K","0.12%"
"08/29/2017","4.81","4.81","4.86","4.68","2.21M","0.27%"
"08/28/2017","4.80","4.80","4.80","4.80","12.78K","0.27%"
"08/27/2017","4.79","4.71","4.80","4.70","21.09K","0.27%"
"08/24/2017","4.77","4.67","4.80","4.67","9.14K","-0.54%"
"08/23/2017","4.80","4.74","4.83","4.74","257.40K","-0.12%"
"08/22/2017","4.81","4.81","4.81","4.81","57.48K","0.13%"
"08/21/2017","4.80","4.80","4.81","4.80","151.28K","0.00%"
"08/20/2017","4.80","4.79","4.80","4.74","199.81K","1.35%"
"08/17/2017","4.74","4.74","4.80","4.67","538.40K","0.00%"
"08/16/2017","4.74","4.74","4.74","4.70","10.94K","0.00%"
"08/15/2017","4.74","4.74","4.74","4.74","14.41K","-1.33%"
"08/14/2017","4.80","4.80","4.80","4.71","438.94K","0.00%"
"08/13/2017","4.80","4.80","4.81","4.80","208.91K","-1.96%"
"08/10/2017","4.90","4.90","4.91","4.83","345.59K","0.78%"
"08/09/2017","4.86","4.80","4.90","4.80","90.00K","0.93%"
"08/08/2017","4.81","4.82","4.86","4.80","469.85K","0.94%"
"08/07/2017","4.77","4.74","4.83","4.74","947.35K","1.23%"
"08/06/2017","4.71","4.70","4.74","4.70","9.20K","-0.55%"
"08/03/2017","4.74","4.79","4.79","4.72","733.69K","-0.94%"
"08/02/2017","4.78","4.83","4.83","4.67","53.88K","3.62%"
"07/31/2017","4.61","4.63","4.64","4.58","243.95K","0.70%"
"07/30/2017","4.58","4.62","4.62","4.55","307.03K","-1.65%"
"07/27/2017","4.66","4.64","4.73","4.55","54.35K","-0.28%"
"07/26/2017","4.67","4.68","4.68","4.67","90.74K","-1.48%"
"07/25/2017","4.74","4.80","4.80","4.67","128.44K","0.13%"
"07/24/2017","4.74","4.74","4.74","4.71","42.88K","-1.33%"
"07/20/2017","4.80","4.80","4.83","4.80","574.13K","0.40%"
"07/19/2017","4.78","4.79","4.80","4.72","363.16K","1.08%"
"07/18/2017","4.73","4.70","4.74","4.67","214.38K","-1.99%"
"07/17/2017","4.83","4.79","4.86","4.74","450.57K","1.09%"
"07/16/2017","4.77","4.72","4.72","4.72","3.95K","0.00%"
"07/13/2017","4.77","4.71","4.86","4.71","187.42K","1.21%"
"07/12/2017","4.72","4.74","4.80","4.61","462.09K","-0.94%"
"07/11/2017","4.76","4.77","4.80","4.74","241.05K","-0.79%"
"07/10/2017","4.80","4.77","4.86","4.77","158.27K","1.35%"
"07/09/2017","4.74","4.75","4.80","4.69","315.30K","-2.51%"
"07/06/2017","4.86","4.83","4.99","4.77","540.58K","0.00%"
"07/05/2017","4.86","4.95","4.95","4.80","1.18M","-3.30%"
"07/04/2017","5.02","4.95","5.12","4.93","193.08K","0.12%"
"07/03/2017","5.02","4.88","5.07","4.81","42.10K","1.05%"
"07/02/2017","4.97","5.09","5.13","4.88","293.83K","-2.51%"
"06/28/2017","5.09","4.97","5.12","4.97","743.66K","3.24%"
"06/22/2017","4.93","4.93","4.99","4.86","140.93K","0.65%"
"06/21/2017","4.90","4.68","4.96","4.67","162.07K","5.35%"
"06/20/2017","4.65","4.58","4.79","4.58","458.54K","0.56%"
"06/19/2017","4.63","4.61","4.64","4.61","314.05K","-1.24%"
"06/18/2017","4.68","4.86","4.90","4.64","431.41K","-2.01%"
"06/15/2017","4.78","4.80","4.80","4.68","1.26M","-1.44%"
"06/14/2017","4.85","4.93","4.93","4.77","117.16K","0.00%"
"06/13/2017","4.85","4.83","4.90","4.83","181.34K","-0.66%"
"06/12/2017","4.88","4.96","4.96","4.84","81.23K","-1.43%"
"06/11/2017","4.95","4.93","5.12","4.93","1.24M","0.26%"
"06/08/2017","4.94","4.98","4.99","4.93","253.98K","-0.76%"
"06/07/2017","4.98","4.97","4.99","4.89","188.44K","0.77%"
"06/06/2017","4.94","5.02","5.04","4.90","2.79M","-1.14%"
"06/05/2017","5.00","5.01","5.12","4.91","3.09M","2.21%"
"06/04/2017","4.89","4.77","5.09","4.77","1.72M","4.38%"
"06/01/2017","4.68","4.64","4.74","4.61","1.41M","1.96%"
"05/31/2017","4.59","4.54","4.67","4.54","547.06K","0.28%"
"05/30/2017","4.58","4.54","4.59","4.54","97.33K","-0.84%"
"05/29/2017","4.62","4.61","4.67","4.58","290.36K","-1.09%"
"05/28/2017","4.67","4.80","4.80","4.57","1.09M","-18.46%"
"05/25/2017","5.73","5.60","6.07","5.60","2.43M","1.60%"
"05/24/2017","5.64","5.62","5.67","5.58","631.71K","0.53%"
"05/23/2017","5.61","5.52","5.68","5.52","1.35M","-0.18%"
"05/22/2017","5.62","5.63","5.68","5.56","1.72M","-1.06%"
"05/21/2017","5.68","5.72","5.74","5.67","1.08M","-0.35%"
"05/18/2017","5.70","5.72","5.75","5.62","318.17K","0.71%"
"05/17/2017","5.66","5.61","5.73","5.61","1.69M","0.71%"
"05/16/2017","5.62","5.63","5.74","5.57","546.42K","-0.88%"
"05/15/2017","5.67","5.72","5.75","5.60","598.45K","0.18%"
"05/14/2017","5.66","5.76","5.76","5.55","238.12K","1.25%"
"05/11/2017","5.59","5.60","5.62","5.52","1.18M","-1.58%"
"05/10/2017","5.68","5.84","5.84","5.55","1.69M","0.53%"
"05/09/2017","5.65","5.46","5.78","5.44","3.55M","3.67%"
"05/08/2017","5.45","5.48","5.49","5.44","460.44K","-0.91%"
"05/07/2017","5.50","5.52","5.52","5.45","2.02M","-0.18%"
"05/04/2017","5.51","5.34","5.60","5.34","3.33M","5.35%"
"05/03/2017","5.23","5.14","5.36","5.14","3.76M","2.15%"
"05/02/2017","5.12","5.12","5.14","5.09","1.10M","0.59%"
"04/30/2017","5.09","4.96","5.16","4.80","1.21M","-0.20%"
"04/27/2017","5.10","5.12","5.12","5.06","1.25M","-0.20%"
"04/26/2017","5.11","5.04","5.15","4.96","3.40M","3.02%"
"04/24/2017","4.96","5.10","5.10","4.94","891.80K","-1.00%"
"04/23/2017","5.01","5.10","5.10","4.93","776.39K","-2.53%"
"04/20/2017","5.14","5.10","5.17","5.10","1.04M","0.00%"
"04/19/2017","5.14","5.12","5.19","5.10","1.42M","0.19%"
"04/18/2017","5.13","5.04","5.24","5.00","4.68M","1.99%"
"04/13/2017","5.03","5.01","5.06","4.99","1.17M","-0.20%"
"04/12/2017","5.04","5.17","5.18","4.98","3.58M","-2.33%"
"04/11/2017","5.16","5.24","5.36","5.04","23.07M","8.18%"
"04/10/2017","4.77","4.77","4.77","4.77","","496.25%"
"04/09/2017","0.80","0.80","0.80","0.80","","0.00%"
"04/06/2017","0.80","0.80","0.80","0.80","","0.00%"
"04/05/2017","0.80","0.80","0.80","0.80","","0.00%"
"04/04/2017","0.80","0.80","0.80","0.80","","0.00%"
"04/03/2017","0.80","0.80","0.80","0.80","","0.00%"
"04/02/2017","0.80","0.80","0.80","0.80","","0.00%"
"03/30/2017","0.80","0.80","0.80","0.80","","0.00%"
"03/29/2017","0.80","0.80","0.80","0.80","","0.00%"
"03/28/2017","0.80","0.80","0.80","0.80","","0.00%"
"03/27/2017","0.80","0.80","0.80","0.80","","0.00%"
"03/26/2017","0.80","0.80","0.80","0.80","","0.00%"
"03/23/2017","0.80","0.80","0.80","0.80","","0.00%"
"03/22/2017","0.80","0.80","0.80","0.80","","0.00%"
"03/21/2017","0.80","0.80","0.80","0.80","","0.00%"
"03/20/2017","0.80","0.80","0.80","0.80","","0.00%"
"03/19/2017","0.80","0.80","0.80","0.80","","0.00%"
"03/16/2017","0.80","0.80","0.80","0.80","","0.00%"
"03/15/2017","0.80","0.80","0.80","0.80","","0.00%"
"03/14/2017","0.80","0.80","0.80","0.80","","0.00%"
"03/13/2017","0.80","0.80","0.80","0.80","","0.00%"
"03/12/2017","0.80","0.80","0.80","0.80","","0.00%"
"03/09/2017","0.80","0.80","0.80","0.80","","0.00%"
"03/08/2017","0.80","0.80","0.80","0.80","","0.00%"
"03/07/2017","0.80","0.80","0.80","0.80","","0.00%"
"03/06/2017","0.80","0.80","0.80","0.80","","0.00%"
"03/05/2017","0.80","0.80","0.80","0.80","","0.00%"
"03/02/2017","0.80","0.80","0.80","0.80","","0.00%"
"03/01/2017","0.80","0.80","0.80","0.80","","0.00%"
"02/28/2017","0.80","0.80","0.80","0.80","","0.00%"
"02/27/2017","0.80","0.80","0.80","0.80","","0.00%"
"02/26/2017","0.80","0.80","0.80","0.80","","0.00%"
"02/23/2017","0.80","0.80","0.80","0.80","","0.00%"
"02/22/2017","0.80","0.80","0.80","0.80","","0.00%"
"02/21/2017","0.80","0.80","0.80","0.80","","0.00%"
"02/20/2017","0.80","0.80","0.80","0.80","","0.00%"
"02/19/2017","0.80","0.80","0.80","0.80","","0.00%"
"02/16/2017","0.80","0.80","0.80","0.80","","0.00%"
"02/15/2017","0.80","0.80","0.80","0.80","","0.00%"
"02/14/2017","0.80","0.80","0.80","0.80","","0.00%"
"02/13/2017","0.80","0.80","0.80","0.80","","0.00%"
"02/12/2017","0.80","0.80","0.80","0.80","","0.00%"
"02/09/2017","0.80","0.80","0.80","0.80","","0.00%"
"02/08/2017","0.80","0.80","0.80","0.80","","0.00%"
"02/07/2017","0.80","0.80","0.80","0.80","","0.00%"
"02/06/2017","0.80","0.80","0.80","0.80","","0.00%"
"02/05/2017","0.80","0.80","0.80","0.80","","0.00%"
"02/02/2017","0.80","0.80","0.80","0.80","","0.00%"
"02/01/2017","0.80","0.80","0.80","0.80","","0.00%"
"01/31/2017","0.80","0.80","0.80","0.80","","0.00%"
"01/30/2017","0.80","0.80","0.80","0.80","","0.00%"
"01/29/2017","0.80","0.80","0.80","0.80","","0.00%"
"01/26/2017","0.80","0.80","0.80","0.80","","0.00%"
"01/24/2017","0.80","0.80","0.80","0.80","","0.00%"
"01/23/2017","0.80","0.80","0.80","0.80","","0.00%"
"01/22/2017","0.80","0.80","0.80","0.80","","0.00%"
"01/19/2017","0.80","0.80","0.80","0.80","","0.00%"
"01/18/2017","0.80","0.80","0.80","0.80","","0.00%"
"01/17/2017","0.80","0.80","0.80","0.80","","0.00%"
"01/16/2017","0.80","0.80","0.80","0.80","","0.00%"
"01/15/2017","0.80","0.80","0.80","0.80","","0.00%"
"01/12/2017","0.80","0.80","0.80","0.80","","0.00%"
"01/11/2017","0.80","0.80","0.80","0.80","","0.00%"
"01/10/2017","0.80","0.80","0.80","0.80","","0.00%"
"01/09/2017","0.80","0.80","0.80","0.80","","0.00%"
"01/08/2017","0.80","0.80","0.80","0.80","","0.00%"
"01/05/2017","0.80","0.80","0.80","0.80","","0.00%"
"01/04/2017","0.80","0.80","0.80","0.80","","0.00%"
"01/03/2017","0.80","0.80","0.80","0.80","","0.00%"
"01/02/2017","0.80","0.80","0.80","0.80","","0.00%"
"12/29/2016","0.80","0.80","0.80","0.80","","0.00%"
"12/28/2016","0.80","0.80","0.80","0.80","","0.00%"
"12/27/2016","0.80","0.80","0.80","0.80","","0.00%"
"12/26/2016","0.80","0.80","0.80","0.80","","0.00%"
"12/25/2016","0.80","0.80","0.80","0.80","","0.00%"
"12/22/2016","0.80","0.80","0.80","0.80","","0.00%"
"12/21/2016","0.80","0.80","0.80","0.80","","0.00%"
"12/20/2016","0.80","0.80","0.80","0.80","","0.00%"
"12/19/2016","0.80","0.80","0.80","0.80","","0.00%"
"12/18/2016","0.80","0.80","0.80","0.80","","0.00%"
"12/15/2016","0.80","0.80","0.80","0.80","","0.00%"
"12/14/2016","0.80","0.80","0.80","0.80","","0.00%"
"12/13/2016","0.80","0.80","0.80","0.80","","0.00%"
"12/12/2016","0.80","0.80","0.80","0.80","","0.00%"
"12/08/2016","0.80","0.80","0.80","0.80","","0.00%"
"12/07/2016","0.80","0.80","0.80","0.80","","0.00%"
"12/06/2016","0.80","0.80","0.80","0.80","","0.00%"
"12/05/2016","0.80","0.80","0.80","0.80","","0.00%"
"12/04/2016","0.80","0.80","0.80","0.80","","0.00%"
"12/01/2016","0.80","0.80","0.80","0.80","","0.00%"
"11/30/2016","0.80","0.80","0.80","0.80","","0.00%"
"11/29/2016","0.80","0.80","0.80","0.80","","0.00%"
"11/28/2016","0.80","0.80","0.80","0.80","","0.00%"
"11/27/2016","0.80","0.80","0.80","0.80","","0.00%"
"11/24/2016","0.80","0.80","0.80","0.80","","0.00%"
"11/23/2016","0.80","0.80","0.80","0.80","","0.00%"
"11/22/2016","0.80","0.80","0.80","0.80","","0.00%"
"11/21/2016","0.80","0.80","0.80","0.80","","0.00%"
"11/20/2016","0.80","0.80","0.80","0.80","","0.00%"
"11/17/2016","0.80","0.80","0.80","0.80","","0.00%"
"11/16/2016","0.80","0.80","0.80","0.80","","0.00%"
"11/14/2016","0.80","0.80","0.80","0.80","","0.00%"
"11/13/2016","0.80","0.80","0.80","0.80","","0.00%"
"11/10/2016","0.80","0.80","0.80","0.80","","0.00%"
"11/09/2016","0.80","0.80","0.80","0.80","","0.00%"
"11/08/2016","0.80","0.80","0.80","0.80","","0.00%"
"11/07/2016","0.80","0.80","0.80","0.80","","0.00%"
"11/06/2016","0.80","0.80","0.80","0.80","","0.00%"
"11/03/2016","0.80","0.80","0.80","0.80","","0.00%"
"11/02/2016","0.80","0.80","0.80","0.80","","0.00%"
"11/01/2016","0.80","0.80","0.80","0.80","","0.00%"
"10/31/2016","0.80","0.80","0.80","0.80","","0.00%"
"10/30/2016","0.80","0.80","0.80","0.80","","0.00%"
"10/27/2016","0.80","0.80","0.80","0.80","","0.00%"
"10/26/2016","0.80","0.80","0.80","0.80","","0.00%"
"10/25/2016","0.80","0.80","0.80","0.80","","0.00%"
"10/24/2016","0.80","0.80","0.80","0.80","","0.00%"
"10/23/2016","0.80","0.80","0.80","0.80","","0.00%"
"10/20/2016","0.80","0.80","0.80","0.80","","0.00%"
"10/19/2016","0.80","0.80","0.80","0.80","","0.00%"
"10/18/2016","0.80","0.80","0.80","0.80","","0.00%"
"10/17/2016","0.80","0.80","0.80","0.80","","0.00%"
"10/16/2016","0.80","0.80","0.80","0.80","","0.00%"
"10/13/2016","0.80","0.80","0.80","0.80","","0.00%"
"10/12/2016","0.80","0.80","0.80","0.80","","0.00%"
"10/11/2016","0.80","0.80","0.80","0.80","","0.00%"
"10/10/2016","0.80","0.80","0.80","0.80","","0.00%"
"10/09/2016","0.80","0.80","0.80","0.80","","0.00%"
"10/05/2016","0.80","0.80","0.80","0.80","","0.00%"
"10/04/2016","0.80","0.80","0.80","0.80","","0.00%"
"10/03/2016","0.80","0.80","0.80","0.80","","0.00%"
"09/29/2016","0.80","0.80","0.80","0.80","","0.00%"
"09/28/2016","0.80","0.80","0.80","0.80","","0.00%"
"09/27/2016","0.80","0.80","0.80","0.80","","0.00%"
"09/26/2016","0.80","0.80","0.80","0.80","","0.00%"
"09/25/2016","0.80","0.80","0.80","0.80","","0.00%"
"09/22/2016","0.80","0.80","0.80","0.80","","0.00%"
"09/21/2016","0.80","0.80","0.80","0.80","","0.00%"
"09/20/2016","0.80","0.80","0.80","0.80","","0.00%"